<?xml version="1.0" encoding="UTF-8"?>
<root>
<header>
<header>연도</header>
<header>업소명</header>
<header>소재지_지번_</header>
<header>메뉴</header>
<header>비고</header>
<header>데이터기준일자</header>
</header>
<Row>
<연도>2017</연도>
<업소명>24시 뼈타귀탕삼화점</업소명>
<소재지_지번_>제주특별자치도 제주시 일주동로 222</소재지_지번_>
<메뉴>해장국</메뉴>
<비고>064-756-0204</비고>
<데이터기준일자>2017-12-31</데이터기준일자>
</Row>
<Row>
<연도>2017</연도>
<업소명>24시전주콩나물해장국화북점</업소명>
<소재지_지번_>제주특별자치도 제주시 동화로 74</소재지_지번_>
<메뉴>콩나물국밥</메뉴>
<비고>064-757-8111</비고>
<데이터기준일자>2017-12-31</데이터기준일자>
</Row>
<Row>
<연도>2017</연도>
<업소명>가리본가광양점</업소명>
<소재지_지번_>제주특별자치도 제주시 서사로19길 42</소재지_지번_>
<메뉴>갈비탕</메뉴>
<비고>064-711-7448</비고>
<데이터기준일자>2017-12-31</데이터기준일자>
</Row>
<Row>
<연도>2017</연도>
<업소명>가품아라점</업소명>
<소재지_지번_>제주특별자치도 제주시 중앙로 537</소재지_지번_>
<메뉴>육개장</메뉴>
<비고>064-722-6910</비고>
<데이터기준일자>2017-12-31</데이터기준일자>
</Row>
<Row>
<연도>2017</연도>
<업소명>갈비전문점삼화포차</업소명>
<소재지_지번_>제주특별자치도 제주시 건주로3길 11</소재지_지번_>
<메뉴>흑돼지갈비</메뉴>
<비고>064-721-9992</비고>
<데이터기준일자>2017-12-31</데이터기준일자>
</Row>
<Row>
<연도>2017</연도>
<업소명>감나무집</업소명>
<소재지_지번_>제주특별자치도 제주시 오남로 12</소재지_지번_>
<메뉴>식육</메뉴>
<비고>064-722-8292</비고>
<데이터기준일자>2017-12-31</데이터기준일자>
</Row>
<Row>
<연도>2017</연도>
<업소명>강숙수부뚜막</업소명>
<소재지_지번_>제주특별자치도 제주시 진남로4길 8-9</소재지_지번_>
<메뉴>해장국.돈까스</메뉴>
<비고>064-755-3500</비고>
<데이터기준일자>2017-12-31</데이터기준일자>
</Row>
<Row>
<연도>2017</연도>
<업소명>거부</업소명>
<소재지_지번_>제주특별자치도 제주시 제원4길 3</소재지_지번_>
<메뉴>한정식</메뉴>
<비고>064-744-4116</비고>
<데이터기준일자>2017-12-31</데이터기준일자>
</Row>
<Row>
<연도>2017</연도>
<업소명>고기왕</업소명>
<소재지_지번_>제주특별자치도 제주시 일주서로 7329-3</소재지_지번_>
<메뉴>식육</메뉴>
<비고>064-711-8577</비고>
<데이터기준일자>2017-12-31</데이터기준일자>
</Row>
<Row>
<연도>2017</연도>
<업소명>고담2015신제주점</업소명>
<소재지_지번_>제주특별자치도 제주시 노연로 43</소재지_지번_>
<메뉴>스테이크</메뉴>
<비고>064-711-5363</비고>
<데이터기준일자>2017-12-31</데이터기준일자>
</Row>
<Row>
<연도>2017</연도>
<업소명>고려회관</업소명>
<소재지_지번_>제주특별자치도 제주시 서광로29길 12</소재지_지번_>
<메뉴>돼지갈비</메뉴>
<비고>064-755-2456</비고>
<데이터기준일자>2017-12-31</데이터기준일자>
</Row>
<Row>
<연도>2017</연도>
<업소명>고집돌우럭제주공항점</업소명>
<소재지_지번_>제주특별자치도 제주시 임항로 30</소재지_지번_>
<메뉴>우럭조림</메뉴>
<비고>064-722-1008</비고>
<데이터기준일자>2017-12-31</데이터기준일자>
</Row>
<Row>
<연도>2017</연도>
<업소명>곶자왈</업소명>
<소재지_지번_>제주특별자치도 제주시 비자림로 631</소재지_지번_>
<메뉴>닭칼국수</메뉴>
<비고>064-782-9919</비고>
<데이터기준일자>2017-12-31</데이터기준일자>
</Row>
<Row>
<연도>2017</연도>
<업소명>과수원집</업소명>
<소재지_지번_>제주특별자치도 제주시 천수동로 35</소재지_지번_>
<메뉴>오리백숙</메뉴>
<비고>064-724-3993</비고>
<데이터기준일자>2017-12-31</데이터기준일자>
</Row>
<Row>
<연도>2017</연도>
<업소명>광영식당</업소명>
<소재지_지번_>제주특별자치도 제주시 광성로 299</소재지_지번_>
<메뉴>식육</메뉴>
<비고>064-746-8877</비고>
<데이터기준일자>2017-12-31</데이터기준일자>
</Row>
<Row>
<연도>2017</연도>
<업소명>광평도새기촌</업소명>
<소재지_지번_>제주특별자치도 제주시 중앙로 360</소재지_지번_>
<메뉴>돼지갈비.갈비탕</메뉴>
<비고>064-752-3308</비고>
<데이터기준일자>2017-12-31</데이터기준일자>
</Row>
<Row>
<연도>2017</연도>
<업소명>교래손칼국수</업소명>
<소재지_지번_>제주특별자치도 제주시 비자림로 645</소재지_지번_>
<메뉴>칼국수</메뉴>
<비고>064-782-9870</비고>
<데이터기준일자>2017-12-31</데이터기준일자>
</Row>
<Row>
<연도>2017</연도>
<업소명>군족</업소명>
<소재지_지번_>제주특별자치도 제주시 동화로 74</소재지_지번_>
<메뉴>족발</메뉴>
<비고>064-759-9288</비고>
<데이터기준일자>2017-12-31</데이터기준일자>
</Row>
<Row>
<연도>2017</연도>
<업소명>궁한스샤브샤브신제주점</업소명>
<소재지_지번_>제주특별자치도 제주시 사장길 38</소재지_지번_>
<메뉴>샤브샤브</메뉴>
<비고>064-744-3197</비고>
<데이터기준일자>2017-12-31</데이터기준일자>
</Row>
<Row>
<연도>2017</연도>
<업소명>궁한스샤브외도점</업소명>
<소재지_지번_>제주특별자치도 제주시 우정로12길 1</소재지_지번_>
<메뉴>샤브샤브</메뉴>
<비고>064-713-3197</비고>
<데이터기준일자>2017-12-31</데이터기준일자>
</Row>
<Row>
<연도>2017</연도>
<업소명>금보</업소명>
<소재지_지번_>제주특별자치도 제주시 서부두길 14</소재지_지번_>
<메뉴>활어회</메뉴>
<비고>064-726-1777</비고>
<데이터기준일자>2017-12-31</데이터기준일자>
</Row>
<Row>
<연도>2017</연도>
<업소명>금뽕똘</업소명>
<소재지_지번_>제주특별자치도 제주시 번영로 500</소재지_지번_>
<메뉴>갈치조림</메뉴>
<비고>064-721-1111</비고>
<데이터기준일자>2017-12-31</데이터기준일자>
</Row>
<Row>
<연도>2017</연도>
<업소명>길림성</업소명>
<소재지_지번_>제주특별자치도 제주시 남성로 37</소재지_지번_>
<메뉴>짜장</메뉴>
<비고>064-724-6660</비고>
<데이터기준일자>2017-12-31</데이터기준일자>
</Row>
<Row>
<연도>2017</연도>
<업소명>김명자굴국밥</업소명>
<소재지_지번_>제주특별자치도 제주시 연북로 168</소재지_지번_>
<메뉴>굴국밥</메뉴>
<비고>064-747-0320</비고>
<데이터기준일자>2017-12-31</데이터기준일자>
</Row>
<Row>
<연도>2017</연도>
<업소명>꽃가마</업소명>
<소재지_지번_>제주특별자치도 제주시 신산로 97</소재지_지번_>
<메뉴>백반</메뉴>
<비고>064-755-4356</비고>
<데이터기준일자>2017-12-31</데이터기준일자>
</Row>
<Row>
<연도>2017</연도>
<업소명>꽃마름삼화점</업소명>
<소재지_지번_>제주특별자치도 제주시 화삼로 21. 2층</소재지_지번_>
<메뉴>샤브샤브</메뉴>
<비고>064-757-0505</비고>
<데이터기준일자>2017-12-31</데이터기준일자>
</Row>
<Row>
<연도>2017</연도>
<업소명>꽃마름제주이도점</업소명>
<소재지_지번_>제주특별자치도 제주시 승천로73. 3층</소재지_지번_>
<메뉴>샤브샤브</메뉴>
<비고>064-725-4933</비고>
<데이터기준일자>2017-12-31</데이터기준일자>
</Row>
<Row>
<연도>2017</연도>
<업소명>남녕갈비</업소명>
<소재지_지번_>제주특별자치도 제주시 남녕로 25</소재지_지번_>
<메뉴>돼지갈비</메뉴>
<비고>064-747-0911</비고>
<데이터기준일자>2017-12-31</데이터기준일자>
</Row>
<Row>
<연도>2017</연도>
<업소명>남또리</업소명>
<소재지_지번_>제주특별자치도 제주시 애월읍 애월해안로 384</소재지_지번_>
<메뉴>생선회</메뉴>
<비고>064-799-1711</비고>
<데이터기준일자>2017-12-31</데이터기준일자>
</Row>
<Row>
<연도>2017</연도>
<업소명>낭뜰에쉼팡</업소명>
<소재지_지번_>제주특별자치도 제주시 남조로 2343</소재지_지번_>
<메뉴>쌈밥</메뉴>
<비고>064-784-9292</비고>
<데이터기준일자>2017-12-31</데이터기준일자>
</Row>
<Row>
<연도>2017</연도>
<업소명>내고향해장국</업소명>
<소재지_지번_>제주특별자치도 제주시 월랑로4길 14</소재지_지번_>
<메뉴>해장국</메뉴>
<비고>064-745-4577</비고>
<데이터기준일자>2017-12-31</데이터기준일자>
</Row>
<Row>
<연도>2017</연도>
<업소명>노형늘봄</업소명>
<소재지_지번_>제주특별자치도 제주시 한라대학로 12</소재지_지번_>
<메뉴>구이</메뉴>
<비고>064-744-9001</비고>
<데이터기준일자>2017-12-31</데이터기준일자>
</Row>
<Row>
<연도>2017</연도>
<업소명>노형순창</업소명>
<소재지_지번_>제주특별자치도 제주시 진군3길 1</소재지_지번_>
<메뉴>갈비</메뉴>
<비고>064-743-6468</비고>
<데이터기준일자>2017-12-31</데이터기준일자>
</Row>
<Row>
<연도>2017</연도>
<업소명>놀부부대찌개철판구이신제주점</업소명>
<소재지_지번_>제주특별자치도 제주시 도령로 39</소재지_지번_>
<메뉴>부대찌개</메뉴>
<비고>064-742-5386</비고>
<데이터기준일자>2017-12-31</데이터기준일자>
</Row>
<Row>
<연도>2017</연도>
<업소명>다동뼈감탕</업소명>
<소재지_지번_>제주특별자치도 제주시 도남로 118</소재지_지번_>
<메뉴>감자탕</메뉴>
<비고>064-753-6456</비고>
<데이터기준일자>2017-12-31</데이터기준일자>
</Row>
<Row>
<연도>2017</연도>
<업소명>다원우</업소명>
<소재지_지번_>제주특별자치도 제주시 우령6길 75-1</소재지_지번_>
<메뉴>식육</메뉴>
<비고>064-712-4710</비고>
<데이터기준일자>2017-12-31</데이터기준일자>
</Row>
<Row>
<연도>2017</연도>
<업소명>달맞이신대로점</업소명>
<소재지_지번_>제주특별자치도 제주시 신대로6길 13</소재지_지번_>
<메뉴>꽃게정식</메뉴>
<비고>064-742-7766</비고>
<데이터기준일자>2017-12-31</데이터기준일자>
</Row>
<Row>
<연도>2017</연도>
<업소명>대성아귀찜</업소명>
<소재지_지번_>제주특별자치도 제주시 함덕 3길 4</소재지_지번_>
<메뉴>아귀찜</메뉴>
<비고>064-784-0975</비고>
<데이터기준일자>2017-12-31</데이터기준일자>
</Row>
<Row>
<연도>2017</연도>
<업소명>대어</업소명>
<소재지_지번_>제주특별자치도 제주시 용해로 17</소재지_지번_>
<메뉴>활어회</메뉴>
<비고>064-747-7899</비고>
<데이터기준일자>2017-12-31</데이터기준일자>
</Row>
<Row>
<연도>2017</연도>
<업소명>대연정</업소명>
<소재지_지번_>제주특별자치도 제주시 우정로8길 8</소재지_지번_>
<메뉴>전골</메뉴>
<비고>064-747-6030</비고>
<데이터기준일자>2017-12-31</데이터기준일자>
</Row>
<Row>
<연도>2017</연도>
<업소명>대원가</업소명>
<소재지_지번_>제주특별자치도 제주시 도남로16길 15</소재지_지번_>
<메뉴>해물탕</메뉴>
<비고>064-753-3030</비고>
<데이터기준일자>2017-12-31</데이터기준일자>
</Row>
<Row>
<연도>2017</연도>
<업소명>대자연가든</업소명>
<소재지_지번_>제주특별자치도 제주시 신북로 618</소재지_지번_>
<메뉴>돼지갈비</메뉴>
<비고>064-783-6969</비고>
<데이터기준일자>2017-12-31</데이터기준일자>
</Row>
<Row>
<연도>2017</연도>
<업소명>대진</업소명>
<소재지_지번_>제주특별자치도 제주시 서부두길 16</소재지_지번_>
<메뉴>활어회</메뉴>
<비고>064-721-2479</비고>
<데이터기준일자>2017-12-31</데이터기준일자>
</Row>
<Row>
<연도>2017</연도>
<업소명>대풍미락</업소명>
<소재지_지번_>제주특별자치도 제주시 조함해안로 446</소재지_지번_>
<메뉴>활어회</메뉴>
<비고>064-784-8100</비고>
<데이터기준일자>2017-12-31</데이터기준일자>
</Row>
<Row>
<연도>2017</연도>
<업소명>덕경가든</업소명>
<소재지_지번_>제주특별자치도 제주시 오라로 73</소재지_지번_>
<메뉴>갈비탕</메뉴>
<비고>064-749-0282</비고>
<데이터기준일자>2017-12-31</데이터기준일자>
</Row>
<Row>
<연도>2017</연도>
<업소명>덕성원삼화점</업소명>
<소재지_지번_>제주특별자치도 제주시 건주로4길 6-4. 2층</소재지_지번_>
<메뉴>꽃게짬뽕</메뉴>
<비고>064-727-2402</비고>
<데이터기준일자>2017-12-31</데이터기준일자>
</Row>
<Row>
<연도>2017</연도>
<업소명>덤장</업소명>
<소재지_지번_>제주특별자치도 제주시 용문로 48</소재지_지번_>
<메뉴>갈치구이.조림</메뉴>
<비고>064-713-0550</비고>
<데이터기준일자>2017-12-31</데이터기준일자>
</Row>
<Row>
<연도>2017</연도>
<업소명>덤장삼계탕</업소명>
<소재지_지번_>제주특별자치도 제주시 서해안로 500</소재지_지번_>
<메뉴>삼계탕</메뉴>
<비고>064-743-0991</비고>
<데이터기준일자>2017-12-31</데이터기준일자>
</Row>
<Row>
<연도>2017</연도>
<업소명>델문도</업소명>
<소재지_지번_>제주특별자치도 제주시 조함해안로 519-10</소재지_지번_>
<메뉴>젤라또</메뉴>
<비고>064-702-0007</비고>
<데이터기준일자>2017-12-31</데이터기준일자>
</Row>
<Row>
<연도>2017</연도>
<업소명>도남오거리외도점</업소명>
<소재지_지번_>제주특별자치도 제주시 우정로7길 26-3</소재지_지번_>
<메뉴>식육</메뉴>
<비고>064-743-9255</비고>
<데이터기준일자>2017-12-31</데이터기준일자>
</Row>
<Row>
<연도>2017</연도>
<업소명>도다모</업소명>
<소재지_지번_>제주특별자치도 제주시 신설로11길 5</소재지_지번_>
<메뉴>스테이크</메뉴>
<비고>064-752-5525</비고>
<데이터기준일자>2017-12-31</데이터기준일자>
</Row>
<Row>
<연도>2017</연도>
<업소명>도두</업소명>
<소재지_지번_>제주특별자치도 제주시 도두3길 48</소재지_지번_>
<메뉴>생선회</메뉴>
<비고>064-742-9292</비고>
<데이터기준일자>2017-12-31</데이터기준일자>
</Row>
<Row>
<연도>2017</연도>
<업소명>도라지</업소명>
<소재지_지번_>제주특별자치도 제주시 연삼로 128</소재지_지번_>
<메뉴>조림</메뉴>
<비고>064-722-3142</비고>
<데이터기준일자>2017-12-31</데이터기준일자>
</Row>
<Row>
<연도>2017</연도>
<업소명>도래지</업소명>
<소재지_지번_>제주특별자치도 제주시 세화1길 27</소재지_지번_>
<메뉴>돼지구이</메뉴>
<비고>064-784-3340</비고>
<데이터기준일자>2017-12-31</데이터기준일자>
</Row>
<Row>
<연도>2017</연도>
<업소명>도야지랑우랑직화구이</업소명>
<소재지_지번_>제주특별자치도 제주시 애월읍 하귀동남1길 32-1</소재지_지번_>
<메뉴>식육</메뉴>
<비고>064-711-6992</비고>
<데이터기준일자>2017-12-31</데이터기준일자>
</Row>
<Row>
<연도>2017</연도>
<업소명>도진식당</업소명>
<소재지_지번_>제주특별자치도 제주시 국기중길 27</소재지_지번_>
<메뉴>전복뚝배기</메뉴>
<비고>064-745-9090</비고>
<데이터기준일자>2017-12-31</데이터기준일자>
</Row>
<Row>
<연도>2017</연도>
<업소명>도치돌가든</업소명>
<소재지_지번_>제주특별자치도 제주시 애월읍 천덕로 440-1</소재지_지번_>
<메뉴>식육</메뉴>
<비고>064-799-1415</비고>
<데이터기준일자>2017-12-31</데이터기준일자>
</Row>
<Row>
<연도>2017</연도>
<업소명>돈돈촌</업소명>
<소재지_지번_>제주특별자치도 제주시 천수동로 53</소재지_지번_>
<메뉴>갈치조림</메뉴>
<비고>064-723-5892</비고>
<데이터기준일자>2017-12-31</데이터기준일자>
</Row>
<Row>
<연도>2017</연도>
<업소명>돈마구이해장국</업소명>
<소재지_지번_>제주특별자치도 제주시 삼동길 60</소재지_지번_>
<메뉴>해장국</메뉴>
<비고>064-744-4002</비고>
<데이터기준일자>2017-12-31</데이터기준일자>
</Row>
<Row>
<연도>2017</연도>
<업소명>돈모리회관</업소명>
<소재지_지번_>제주특별자치도 제주시 도남로142. 2층. 범아빌딩</소재지_지번_>
<메뉴>돼지고기샤브샤브</메뉴>
<비고>064-727-3434</비고>
<데이터기준일자>2017-12-31</데이터기준일자>
</Row>
<Row>
<연도>2017</연도>
<업소명>돈모밀</업소명>
<소재지_지번_>제주특별자치도 제주시 오라로 124</소재지_지번_>
<메뉴>국수</메뉴>
<비고>064-725-0889</비고>
<데이터기준일자>2017-12-31</데이터기준일자>
</Row>
<Row>
<연도>2017</연도>
<업소명>돈풍년</업소명>
<소재지_지번_>제주특별자치도 제주시 승천로 52</소재지_지번_>
<메뉴>흑돼지구이</메뉴>
<비고>064-713-5252</비고>
<데이터기준일자>2017-12-31</데이터기준일자>
</Row>
<Row>
<연도>2017</연도>
<업소명>돈해돈찜</업소명>
<소재지_지번_>제주특별자치도 제주시 연북로 199</소재지_지번_>
<메뉴>찜류</메뉴>
<비고>064-747-9939</비고>
<데이터기준일자>2017-12-31</데이터기준일자>
</Row>
<Row>
<연도>2017</연도>
<업소명>돈향기</업소명>
<소재지_지번_>제주특별자치도 제주시 관덕로15길 30</소재지_지번_>
<메뉴>흑돼지고기</메뉴>
<비고>064-724-0228</비고>
<데이터기준일자>2017-12-31</데이터기준일자>
</Row>
<Row>
<연도>2017</연도>
<업소명>동이트는집신산점</업소명>
<소재지_지번_>제주특별자치도 제주시 신산로 69-1</소재지_지번_>
<메뉴>추어탕</메뉴>
<비고>064-757-2309</비고>
<데이터기준일자>2017-12-31</데이터기준일자>
</Row>
<Row>
<연도>2017</연도>
<업소명>동이트는집신제주점</업소명>
<소재지_지번_>제주특별자치도 제주시 연동9길 13</소재지_지번_>
<메뉴>추어탕</메뉴>
<비고>064-749-2309</비고>
<데이터기준일자>2017-12-31</데이터기준일자>
</Row>
<Row>
<연도>2017</연도>
<업소명>드렁몰라도새기샤브마을</업소명>
<소재지_지번_>제주특별자치도 제주시 달마루길 22</소재지_지번_>
<메뉴>샤브샤브</메뉴>
<비고>064-772-8000</비고>
<데이터기준일자>2017-12-31</데이터기준일자>
</Row>
<Row>
<연도>2017</연도>
<업소명>땅꼬</업소명>
<소재지_지번_>제주특별자치도 제주시 조천읍 조천18길 50-9. 1층</소재지_지번_>
<메뉴>뷔페</메뉴>
<비고>064-783-1080</비고>
<데이터기준일자>2017-12-31</데이터기준일자>
</Row>
<Row>
<연도>2017</연도>
<업소명>뚱딴지</업소명>
<소재지_지번_>제주특별자치도 제주시 애월읍 부룡수길 17</소재지_지번_>
<메뉴>탕류</메뉴>
<비고>064-799-2085</비고>
<데이터기준일자>2017-12-31</데이터기준일자>
</Row>
<Row>
<연도>2017</연도>
<업소명>래원</업소명>
<소재지_지번_>제주특별자치도 제주시 과원북4길 3</소재지_지번_>
<메뉴>짜장면</메뉴>
<비고>064-711-8234</비고>
<데이터기준일자>2017-12-31</데이터기준일자>
</Row>
<Row>
<연도>2017</연도>
<업소명>로니로티제주점</업소명>
<소재지_지번_>제주특별자치도 제주시 고마로 115. 2층</소재지_지번_>
<메뉴>파스타</메뉴>
<비고>064-756-1700</비고>
<데이터기준일자>2017-12-31</데이터기준일자>
</Row>
<Row>
<연도>2017</연도>
<업소명>루스트플레이스베라체점</업소명>
<소재지_지번_>제주특별자치도 제주시 승천로 73. 2층</소재지_지번_>
<메뉴>돈까스.파스타</메뉴>
<비고>064-755-9004</비고>
<데이터기준일자>2017-12-31</데이터기준일자>
</Row>
<Row>
<연도>2017</연도>
<업소명>루스트플레이트제원점</업소명>
<소재지_지번_>제주특별자치도 제주시 노연로 118-1</소재지_지번_>
<메뉴>파스타. 스테이크</메뉴>
<비고>064-747-9004</비고>
<데이터기준일자>2017-12-31</데이터기준일자>
</Row>
<Row>
<연도>2017</연도>
<업소명>마리조아</업소명>
<소재지_지번_>제주특별자치도 제주시 삼봉로 99</소재지_지번_>
<메뉴>말고기구이</메뉴>
<비고>064-756-5257</비고>
<데이터기준일자>2017-12-31</데이터기준일자>
</Row>
<Row>
<연도>2017</연도>
<업소명>마쯔리</업소명>
<소재지_지번_>제주특별자치도 제주시 광양13길 10</소재지_지번_>
<메뉴>돈까스</메뉴>
<비고>064-758-6358</비고>
<데이터기준일자>2017-12-31</데이터기준일자>
</Row>
<Row>
<연도>2017</연도>
<업소명>만배성</업소명>
<소재지_지번_>제주특별자치도 제주시 아연로 484-9</소재지_지번_>
<메뉴>정식</메뉴>
<비고>064-712-6800</비고>
<데이터기준일자>2017-12-31</데이터기준일자>
</Row>
<Row>
<연도>2017</연도>
<업소명>만부정</업소명>
<소재지_지번_>제주특별자치도 제주시 사장길 38</소재지_지번_>
<메뉴>복어요리</메뉴>
<비고>064-743-1119</비고>
<데이터기준일자>2017-12-31</데이터기준일자>
</Row>
<Row>
<연도>2017</연도>
<업소명>만옥</업소명>
<소재지_지번_>제주특별자치도 제주시 중앙로2길 1</소재지_지번_>
<메뉴>장어구이</메뉴>
<비고>064-751-1443</비고>
<데이터기준일자>2017-12-31</데이터기준일자>
</Row>
<Row>
<연도>2017</연도>
<업소명>만운성</업소명>
<소재지_지번_>제주특별자치도 제주시 과원북4길93</소재지_지번_>
<메뉴>장어요리</메뉴>
<비고>064-747-5797</비고>
<데이터기준일자>2017-12-31</데이터기준일자>
</Row>
<Row>
<연도>2017</연도>
<업소명>말이랑흑도새기랑</업소명>
<소재지_지번_>제주특별자치도 제주시 주르레길 1</소재지_지번_>
<메뉴>구이</메뉴>
<비고>064-744-7031</비고>
<데이터기준일자>2017-12-31</데이터기준일자>
</Row>
<Row>
<연도>2017</연도>
<업소명>맛있는소리</업소명>
<소재지_지번_>제주특별자치도 제주시 진동로 6</소재지_지번_>
<메뉴>양념갈비</메뉴>
<비고>064-758-9298</비고>
<데이터기준일자>2017-12-31</데이터기준일자>
</Row>
<Row>
<연도>2017</연도>
<업소명>명가국밥집</업소명>
<소재지_지번_>제주특별자치도 제주시 번영로 553</소재지_지번_>
<메뉴>국밥.보말국</메뉴>
<비고>064-755-5999</비고>
<데이터기준일자>2017-12-31</데이터기준일자>
</Row>
<Row>
<연도>2017</연도>
<업소명>명가부대찌게이도점</업소명>
<소재지_지번_>제주특별자치도 제주시 연북로 599</소재지_지번_>
<메뉴>부대찌게</메뉴>
<비고>064-759-0058</비고>
<데이터기준일자>2017-12-31</데이터기준일자>
</Row>
<Row>
<연도>2017</연도>
<업소명>명가천지연무태장어</업소명>
<소재지_지번_>제주특별자치도 제주시 아연로 438-22</소재지_지번_>
<메뉴>장어</메뉴>
<비고>064-747-8300</비고>
<데이터기준일자>2017-12-31</데이터기준일자>
</Row>
<Row>
<연도>2017</연도>
<업소명>명궁</업소명>
<소재지_지번_>제주특별자치도 제주시 과원북4길 9</소재지_지번_>
<메뉴>생선회</메뉴>
<비고>064-713-2787</비고>
<데이터기준일자>2017-12-31</데이터기준일자>
</Row>
<Row>
<연도>2017</연도>
<업소명>명물</업소명>
<소재지_지번_>제주특별자치도 제주시 탑동로11길 2-1</소재지_지번_>
<메뉴>쥐치조림</메뉴>
<비고>064-723-5233</비고>
<데이터기준일자>2017-12-31</데이터기준일자>
</Row>
<Row>
<연도>2017</연도>
<업소명>명품국수네집</업소명>
<소재지_지번_>제주특별자치도 제주시 삼성로 57</소재지_지번_>
<메뉴>국수</메뉴>
<비고>064-723-5950</비고>
<데이터기준일자>2017-12-31</데이터기준일자>
</Row>
<Row>
<연도>2017</연도>
<업소명>모메존</업소명>
<소재지_지번_>제주특별자치도 제주시 도두3길 17</소재지_지번_>
<메뉴>깅이죽</메뉴>
<비고>064-711-0585</비고>
<데이터기준일자>2017-12-31</데이터기준일자>
</Row>
<Row>
<연도>2017</연도>
<업소명>모이세해장국노형점</업소명>
<소재지_지번_>제주특별자치도 제주시 월랑로 61</소재지_지번_>
<메뉴>해장국</메뉴>
<비고>064-745-5253</비고>
<데이터기준일자>2017-12-31</데이터기준일자>
</Row>
<Row>
<연도>2017</연도>
<업소명>문동일셰프녹차고을</업소명>
<소재지_지번_>제주특별자치도 제주시 애월읍 하귀동남4길 13-1</소재지_지번_>
<메뉴>정식</메뉴>
<비고>064-712-1780</비고>
<데이터기준일자>2017-12-31</데이터기준일자>
</Row>
<Row>
<연도>2017</연도>
<업소명>물항식당본점</업소명>
<소재지_지번_>제주특별자치도 제주시 임항로 37-4</소재지_지번_>
<메뉴>갈치조림</메뉴>
<비고>064-755-2731</비고>
<데이터기준일자>2017-12-31</데이터기준일자>
</Row>
<Row>
<연도>2017</연도>
<업소명>미래컨벤션라메르</업소명>
<소재지_지번_>제주특별자치도 제주시 남성로 75</소재지_지번_>
<메뉴>성게국.전골</메뉴>
<비고>064-726-5204</비고>
<데이터기준일자>2017-12-31</데이터기준일자>
</Row>
<Row>
<연도>2017</연도>
<업소명>미미설렁탕연북로점</업소명>
<소재지_지번_>제주특별자치도 제주시 연북로 201</소재지_지번_>
<메뉴>설렁탕</메뉴>
<비고>064-722-9696</비고>
<데이터기준일자>2017-12-31</데이터기준일자>
</Row>
<Row>
<연도>2017</연도>
<업소명>미원</업소명>
<소재지_지번_>제주특별자치도 제주시 원노형6길 10</소재지_지번_>
<메뉴>해장국</메뉴>
<비고>064-742-1289</비고>
<데이터기준일자>2017-12-31</데이터기준일자>
</Row>
<Row>
<연도>2017</연도>
<업소명>미풍해장국아라점</업소명>
<소재지_지번_>제주특별자치도 제주시 아란7길 26</소재지_지번_>
<메뉴>해장국</메뉴>
<비고>064-751-0099</비고>
<데이터기준일자>2017-12-31</데이터기준일자>
</Row>
<Row>
<연도>2017</연도>
<업소명>밀림원</업소명>
<소재지_지번_>제주특별자치도 제주시 남조로 2446</소재지_지번_>
<메뉴>흑돼지구이</메뉴>
<비고>064-783-9803</비고>
<데이터기준일자>2017-12-31</데이터기준일자>
</Row>
<Row>
<연도>2017</연도>
<업소명>바다예찬</업소명>
<소재지_지번_>제주특별자치도 제주시 귀아랑길 26</소재지_지번_>
<메뉴>갈치조림</메뉴>
<비고>064-749-0092</비고>
<데이터기준일자>2017-12-31</데이터기준일자>
</Row>
<Row>
<연도>2017</연도>
<업소명>바다잔치</업소명>
<소재지_지번_>제주특별자치도 제주시 탑동로 79</소재지_지번_>
<메뉴>갈치조림</메뉴>
<비고>064-702-8989</비고>
<데이터기준일자>2017-12-31</데이터기준일자>
</Row>
<Row>
<연도>2017</연도>
<업소명>바다풍경</업소명>
<소재지_지번_>제주특별자치도 제주시 서해안로 654</소재지_지번_>
<메뉴>갈치조림</메뉴>
<비고>064-711-7992</비고>
<데이터기준일자>2017-12-31</데이터기준일자>
</Row>
<Row>
<연도>2017</연도>
<업소명>바당동네</업소명>
<소재지_지번_>제주특별자치도 제주시 월성로 26</소재지_지번_>
<메뉴>갈치구이.조림</메뉴>
<비고>064-743-0330</비고>
<데이터기준일자>2017-12-31</데이터기준일자>
</Row>
<Row>
<연도>2017</연도>
<업소명>밥이보약</업소명>
<소재지_지번_>제주특별자치도 제주시 도령로 11</소재지_지번_>
<메뉴>녹차들깨수제비</메뉴>
<비고>064-744-7782</비고>
<데이터기준일자>2017-12-31</데이터기준일자>
</Row>
<Row>
<연도>2017</연도>
<업소명>백년가짬뽕제주점</업소명>
<소재지_지번_>제주특별자치도 제주시 서광로 112</소재지_지번_>
<메뉴>짬뽕</메뉴>
<비고>064-744-8268</비고>
<데이터기준일자>2017-12-31</데이터기준일자>
</Row>
<Row>
<연도>2017</연도>
<업소명>별오름노형점</업소명>
<소재지_지번_>제주특별자치도 제주시 1100로 3213-27</소재지_지번_>
<메뉴>구이</메뉴>
<비고>064-745-9289</비고>
<데이터기준일자>2017-12-31</데이터기준일자>
</Row>
<Row>
<연도>2017</연도>
<업소명>보영반점</업소명>
<소재지_지번_>제주특별자치도 제주시 한림읍 한림로 692-1</소재지_지번_>
<메뉴>간짬뽕</메뉴>
<비고>064-796-2042</비고>
<데이터기준일자>2017-12-31</데이터기준일자>
</Row>
<Row>
<연도>2017</연도>
<업소명>본가제주아라점</업소명>
<소재지_지번_>제주특별자치도 제주시 간월동로 6</소재지_지번_>
<메뉴>식육</메뉴>
<비고>064-727-9006</비고>
<데이터기준일자>2017-12-31</데이터기준일자>
</Row>
<Row>
<연도>2017</연도>
<업소명>본가제주연동점</업소명>
<소재지_지번_>제주특별자치도 제주시 연북로 86</소재지_지번_>
<메뉴>우삼겹</메뉴>
<비고>064-747-9966</비고>
<데이터기준일자>2017-12-31</데이터기준일자>
</Row>
<Row>
<연도>2017</연도>
<업소명>봉국수</업소명>
<소재지_지번_>제주특별자치도 제주시 임항로 49</소재지_지번_>
<메뉴>해초꽝국수</메뉴>
<비고>064-757-1793</비고>
<데이터기준일자>2017-12-31</데이터기준일자>
</Row>
<Row>
<연도>2017</연도>
<업소명>봉평메밀촌</업소명>
<소재지_지번_>제주특별자치도 제주시 남광북5길 12</소재지_지번_>
<메뉴>메밀국수</메뉴>
<비고>064-752-8839</비고>
<데이터기준일자>2017-12-31</데이터기준일자>
</Row>
<Row>
<연도>2017</연도>
<업소명>부산할매아구찜삼화점</업소명>
<소재지_지번_>제주특별자치도 제주시 삼봉로2길 54</소재지_지번_>
<메뉴>아구찜</메뉴>
<비고>064-725-9901</비고>
<데이터기준일자>2017-12-31</데이터기준일자>
</Row>
<Row>
<연도>2017</연도>
<업소명>비원</업소명>
<소재지_지번_>제주특별자치도 제주시 수목원길 3-1</소재지_지번_>
<메뉴>삼계탕</메뉴>
<비고>064-712-8899</비고>
<데이터기준일자>2017-12-31</데이터기준일자>
</Row>
<Row>
<연도>2017</연도>
<업소명>빅토리아</업소명>
<소재지_지번_>제주특별자치도 제주시 서해안로 268</소재지_지번_>
<메뉴>파스타</메뉴>
<비고>064-743-7366</비고>
<데이터기준일자>2017-12-31</데이터기준일자>
</Row>
<Row>
<연도>2017</연도>
<업소명>사계향</업소명>
<소재지_지번_>제주특별자치도 제주시 서광로 98</소재지_지번_>
<메뉴>삼계탕</메뉴>
<비고>064-746-1118</비고>
<데이터기준일자>2017-12-31</데이터기준일자>
</Row>
<Row>
<연도>2017</연도>
<업소명>사랑담은해물</업소명>
<소재지_지번_>제주특별자치도 제주시 신대로6길 29</소재지_지번_>
<메뉴>해물전골</메뉴>
<비고>064-747-0052</비고>
<데이터기준일자>2017-12-31</데이터기준일자>
</Row>
<Row>
<연도>2017</연도>
<업소명>사형제</업소명>
<소재지_지번_>제주특별자치도 제주시 한림읍 한림상로 273</소재지_지번_>
<메뉴>회</메뉴>
<비고>064-796-8709</비고>
<데이터기준일자>2017-12-31</데이터기준일자>
</Row>
<Row>
<연도>2017</연도>
<업소명>산지로</업소명>
<소재지_지번_>제주특별자치도 제주시 정존15길 27</소재지_지번_>
<메뉴>고등어조림</메뉴>
<비고>064-747-1889</비고>
<데이터기준일자>2017-12-31</데이터기준일자>
</Row>
<Row>
<연도>2017</연도>
<업소명>산지물신제주점</업소명>
<소재지_지번_>제주특별자치도 제주시 신대로10길 53</소재지_지번_>
<메뉴>갈치조림</메뉴>
<비고>064-745-5799</비고>
<데이터기준일자>2017-12-31</데이터기준일자>
</Row>
<Row>
<연도>2017</연도>
<업소명>삼다향</업소명>
<소재지_지번_>제주특별자치도 제주시 일주동로 242</소재지_지번_>
<메뉴>흑돼지</메뉴>
<비고>064-758-4520</비고>
<데이터기준일자>2017-12-31</데이터기준일자>
</Row>
<Row>
<연도>2017</연도>
<업소명>삼대국수회관노형점</업소명>
<소재지_지번_>제주특별자치도 제주시 노형13길 11</소재지_지번_>
<메뉴>국수</메뉴>
<비고>064-722-3366</비고>
<데이터기준일자>2017-12-31</데이터기준일자>
</Row>
<Row>
<연도>2017</연도>
<업소명>삼대국수회관신제주점</업소명>
<소재지_지번_>제주특별자치도 제주시 신대로20길 32</소재지_지번_>
<메뉴>국수</메뉴>
<비고>064-747-9493</비고>
<데이터기준일자>2017-12-31</데이터기준일자>
</Row>
<Row>
<연도>2017</연도>
<업소명>삼미횟집</업소명>
<소재지_지번_>제주특별자치도 제주시 도두항서길 1</소재지_지번_>
<메뉴>생선회</메뉴>
<비고>064-713-6400</비고>
<데이터기준일자>2017-12-31</데이터기준일자>
</Row>
<Row>
<연도>2017</연도>
<업소명>삼양장원</업소명>
<소재지_지번_>제주특별자치도 제주시 일주동로 394</소재지_지번_>
<메뉴>삼계탕</메뉴>
<비고>064-702-3088</비고>
<데이터기준일자>2017-12-31</데이터기준일자>
</Row>
<Row>
<연도>2017</연도>
<업소명>생고기제작소탑동점</업소명>
<소재지_지번_>제주특별자치도 제주시 북성로 4</소재지_지번_>
<메뉴>소고기구이</메뉴>
<비고>064-722-5552</비고>
<데이터기준일자>2017-12-31</데이터기준일자>
</Row>
<Row>
<연도>2017</연도>
<업소명>샤브향신제주점</업소명>
<소재지_지번_>제주특별자치도 제주시 월랑로 30</소재지_지번_>
<메뉴>샤브샤브</메뉴>
<비고>064-901-4994</비고>
<데이터기준일자>2017-12-31</데이터기준일자>
</Row>
<Row>
<연도>2017</연도>
<업소명>서귀포진주식당연동점</업소명>
<소재지_지번_>제주특별자치도 제주시 과원로 84</소재지_지번_>
<메뉴>전복뚝배기</메뉴>
<비고>064-747-5158</비고>
<데이터기준일자>2017-12-31</데이터기준일자>
</Row>
<Row>
<연도>2017</연도>
<업소명>서우봉가든</업소명>
<소재지_지번_>제주특별자치도 제주시 함대로 78</소재지_지번_>
<메뉴>돼지구이</메뉴>
<비고>064-782-8818</비고>
<데이터기준일자>2017-12-31</데이터기준일자>
</Row>
<Row>
<연도>2017</연도>
<업소명>서울뚝배기</업소명>
<소재지_지번_>제주특별자치도 제주시 아연로 10</소재지_지번_>
<메뉴>해물뚝배기</메뉴>
<비고>064-712-4550</비고>
<데이터기준일자>2017-12-31</데이터기준일자>
</Row>
<Row>
<연도>2017</연도>
<업소명>서울식당</업소명>
<소재지_지번_>제주특별자치도 제주시 함덕13길 5</소재지_지번_>
<메뉴>돼지갈비</메뉴>
<비고>064-783-8170</비고>
<데이터기준일자>2017-12-31</데이터기준일자>
</Row>
<Row>
<연도>2017</연도>
<업소명>서흘포가든</업소명>
<소재지_지번_>제주특별자치도 제주시 선사로6길 12</소재지_지번_>
<메뉴>돼지갈비</메뉴>
<비고>064-726-0707</비고>
<데이터기준일자>2017-12-31</데이터기준일자>
</Row>
<Row>
<연도>2017</연도>
<업소명>섬채</업소명>
<소재지_지번_>제주특별자치도 제주시 오라로 61</소재지_지번_>
<메뉴>뷔페</메뉴>
<비고>064-742-4333</비고>
<데이터기준일자>2017-12-31</데이터기준일자>
</Row>
<Row>
<연도>2017</연도>
<업소명>섬횟집</업소명>
<소재지_지번_>제주특별자치도 제주시 서해안로 242</소재지_지번_>
<메뉴>생선회</메뉴>
<비고>064-742-2929</비고>
<데이터기준일자>2017-12-31</데이터기준일자>
</Row>
<Row>
<연도>2017</연도>
<업소명>소라</업소명>
<소재지_지번_>제주특별자치도 제주시 서부두길 18-2</소재지_지번_>
<메뉴>활어회</메뉴>
<비고>064-757-9953</비고>
<데이터기준일자>2017-12-31</데이터기준일자>
</Row>
<Row>
<연도>2017</연도>
<업소명>손맛촌</업소명>
<소재지_지번_>제주특별자치도 제주시 비자림로 661</소재지_지번_>
<메뉴>갈치조림</메뉴>
<비고>064-783-3375</비고>
<데이터기준일자>2017-12-31</데이터기준일자>
</Row>
<Row>
<연도>2017</연도>
<업소명>솔바위</업소명>
<소재지_지번_>제주특별자치도 제주시 가령골1길 1</소재지_지번_>
<메뉴>삼계탕</메뉴>
<비고>064-757-1419</비고>
<데이터기준일자>2017-12-31</데이터기준일자>
</Row>
<Row>
<연도>2017</연도>
<업소명>송백</업소명>
<소재지_지번_>제주특별자치도 제주시 연삼로 437</소재지_지번_>
<메뉴>해장국</메뉴>
<비고>064-727-9289</비고>
<데이터기준일자>2017-12-31</데이터기준일자>
</Row>
<Row>
<연도>2017</연도>
<업소명>송촌</업소명>
<소재지_지번_>제주특별자치도 제주시 연신로 29</소재지_지번_>
<메뉴>생선초밥</메뉴>
<비고>064-724-6768</비고>
<데이터기준일자>2017-12-31</데이터기준일자>
</Row>
<Row>
<연도>2017</연도>
<업소명>순정문어</업소명>
<소재지_지번_>제주특별자치도 제주시 서해안로 579</소재지_지번_>
<메뉴>해물라면</메뉴>
<비고>064-746-6656</비고>
<데이터기준일자>2017-12-31</데이터기준일자>
</Row>
<Row>
<연도>2017</연도>
<업소명>순조은참치</업소명>
<소재지_지번_>제주특별자치도 제주시 고마로 148</소재지_지번_>
<메뉴>참치회</메뉴>
<비고>064-745-2992</비고>
<데이터기준일자>2017-12-31</데이터기준일자>
</Row>
<Row>
<연도>2017</연도>
<업소명>순풍해장국</업소명>
<소재지_지번_>제주특별자치도 제주시 일주동로 355</소재지_지번_>
<메뉴>해장국</메뉴>
<비고>064-721-9944</비고>
<데이터기준일자>2017-12-31</데이터기준일자>
</Row>
<Row>
<연도>2017</연도>
<업소명>숨비소리</업소명>
<소재지_지번_>제주특별자치도 제주시 서해안로 283</소재지_지번_>
<메뉴>생선회</메뉴>
<비고>064-742-8988</비고>
<데이터기준일자>2017-12-31</데이터기준일자>
</Row>
<Row>
<연도>2017</연도>
<업소명>스시날</업소명>
<소재지_지번_>제주특별자치도 제주시 월랑로10길 1</소재지_지번_>
<메뉴>초밥</메뉴>
<비고>064-751-3737</비고>
<데이터기준일자>2017-12-31</데이터기준일자>
</Row>
<Row>
<연도>2017</연도>
<업소명>스시앤</업소명>
<소재지_지번_>제주특별자치도 제주시 고산동산5길 21-1. 105호</소재지_지번_>
<메뉴>활어회.초밥</메뉴>
<비고>064-726-9696</비고>
<데이터기준일자>2017-12-31</데이터기준일자>
</Row>
<Row>
<연도>2017</연도>
<업소명>스푼더마켓제주점</업소명>
<소재지_지번_>제주특별자치도 제주시 연북로 76</소재지_지번_>
<메뉴>샤브샤브</메뉴>
<비고>064-747-4600</비고>
<데이터기준일자>2017-12-31</데이터기준일자>
</Row>
<Row>
<연도>2017</연도>
<업소명>신설돈가</업소명>
<소재지_지번_>제주특별자치도 제주시 고마로 21</소재지_지번_>
<메뉴>샤브샤브</메뉴>
<비고>064-757-9194</비고>
<데이터기준일자>2017-12-31</데이터기준일자>
</Row>
<Row>
<연도>2017</연도>
<업소명>신제일</업소명>
<소재지_지번_>제주특별자치도 제주시 탑동로 39</소재지_지번_>
<메뉴>생선회</메뉴>
<비고>064-7531-4276</비고>
<데이터기준일자>2017-12-31</데이터기준일자>
</Row>
<Row>
<연도>2017</연도>
<업소명>신제주그랜드</업소명>
<소재지_지번_>제주특별자치도 제주시 신대로 70</소재지_지번_>
<메뉴>초밥</메뉴>
<비고>064-712-2324</비고>
<데이터기준일자>2017-12-31</데이터기준일자>
</Row>
<Row>
<연도>2017</연도>
<업소명>신해바라기2호점</업소명>
<소재지_지번_>제주특별자치도 제주시 신산로 67</소재지_지번_>
<메뉴>순두부</메뉴>
<비고>064-702-2324</비고>
<데이터기준일자>2017-12-31</데이터기준일자>
</Row>
<Row>
<연도>2017</연도>
<업소명>신현대</업소명>
<소재지_지번_>제주특별자치도 제주시 임항로 40</소재지_지번_>
<메뉴>갈치조림</메뉴>
<비고>064-721-8803</비고>
<데이터기준일자>2017-12-31</데이터기준일자>
</Row>
<Row>
<연도>2017</연도>
<업소명>신화성</업소명>
<소재지_지번_>제주특별자치도 제주시 어영길 42</소재지_지번_>
<메뉴>해물전골</메뉴>
<비고>064-712-6699</비고>
<데이터기준일자>2017-12-31</데이터기준일자>
</Row>
<Row>
<연도>2017</연도>
<업소명>쌍봉냉면연동점</업소명>
<소재지_지번_>제주특별자치도 제주시 연북로 60</소재지_지번_>
<메뉴>냉면</메뉴>
<비고>064-711-4544</비고>
<데이터기준일자>2017-12-31</데이터기준일자>
</Row>
<Row>
<연도>2017</연도>
<업소명>씨제이푸드빌㈜빕스연동제주점</업소명>
<소재지_지번_>제주특별자치도 제주시 연삼로 2</소재지_지번_>
<메뉴>뷔페</메뉴>
<비고>064-751-1997</비고>
<데이터기준일자>2017-12-31</데이터기준일자>
</Row>
<Row>
<연도>2017</연도>
<업소명>아라미당한우전문점</업소명>
<소재지_지번_>제주특별자치도 제주시 아연로 595</소재지_지번_>
<메뉴>식육</메뉴>
<비고>064-751-2266</비고>
<데이터기준일자>2017-12-31</데이터기준일자>
</Row>
<Row>
<연도>2017</연도>
<업소명>아라캐슬웨딩홀구내</업소명>
<소재지_지번_>제주특별자치도 제주시 중앙로 504</소재지_지번_>
<메뉴>뷔페</메뉴>
<비고>064-702-3339</비고>
<데이터기준일자>2017-12-31</데이터기준일자>
</Row>
<Row>
<연도>2017</연도>
<업소명>아름</업소명>
<소재지_지번_>제주특별자치도 제주시 교래3길 24</소재지_지번_>
<메뉴>토종닭</메뉴>
<비고>064-702-0002</비고>
<데이터기준일자>2017-12-31</데이터기준일자>
</Row>
<Row>
<연도>2017</연도>
<업소명>아사히</업소명>
<소재지_지번_>제주특별자치도 제주시 과원북4길 85</소재지_지번_>
<메뉴>생선회</메뉴>
<비고>064-742-6326</비고>
<데이터기준일자>2017-12-31</데이터기준일자>
</Row>
<Row>
<연도>2017</연도>
<업소명>아주</업소명>
<소재지_지번_>제주특별자치도 제주시 관덕로13길 4</소재지_지번_>
<메뉴>자장면</메뉴>
<비고>064-722-5161</비고>
<데이터기준일자>2017-12-31</데이터기준일자>
</Row>
<Row>
<연도>2017</연도>
<업소명>안다미로</업소명>
<소재지_지번_>제주특별자치도 제주시 비자림로 648</소재지_지번_>
<메뉴>토종닭</메뉴>
<비고>064-783-0668</비고>
<데이터기준일자>2017-12-31</데이터기준일자>
</Row>
<Row>
<연도>2017</연도>
<업소명>양촌리마을</업소명>
<소재지_지번_>제주특별자치도 제주시 진군길 31-5</소재지_지번_>
<메뉴>삼계탕</메뉴>
<비고>064-743-7188</비고>
<데이터기준일자>2017-12-31</데이터기준일자>
</Row>
<Row>
<연도>2017</연도>
<업소명>양푼왕갈비</업소명>
<소재지_지번_>제주특별자치도 제주시 선덕로 14</소재지_지번_>
<메뉴>왕갈비</메뉴>
<비고>064-746-3663</비고>
<데이터기준일자>2017-12-31</데이터기준일자>
</Row>
<Row>
<연도>2017</연도>
<업소명>어가</업소명>
<소재지_지번_>제주특별자치도 제주시 1100로 3213-8</소재지_지번_>
<메뉴>조림</메뉴>
<비고>064-749-0081</비고>
<데이터기준일자>2017-12-31</데이터기준일자>
</Row>
<Row>
<연도>2017</연도>
<업소명>어림향</업소명>
<소재지_지번_>제주특별자치도 제주시 서사로24길 22</소재지_지번_>
<메뉴>생선회.초밥</메뉴>
<비고>064-727-7999</비고>
<데이터기준일자>2017-12-31</데이터기준일자>
</Row>
<Row>
<연도>2017</연도>
<업소명>어영해녀촌원</업소명>
<소재지_지번_>제주특별자치도 제주시 월성로 28. 2층</소재지_지번_>
<메뉴>갈치구이.조림</메뉴>
<비고>064-746-9874</비고>
<데이터기준일자>2017-12-31</데이터기준일자>
</Row>
<Row>
<연도>2017</연도>
<업소명>어우늘</업소명>
<소재지_지번_>제주특별자치도 제주시 연북로 222</소재지_지번_>
<메뉴>전복</메뉴>
<비고>064-743-5131</비고>
<데이터기준일자>2017-12-31</데이터기준일자>
</Row>
<Row>
<연도>2017</연도>
<업소명>어장군</업소명>
<소재지_지번_>제주특별자치도 제주시 신대로 72</소재지_지번_>
<메뉴>조림</메뉴>
<비고>064-744-2258</비고>
<데이터기준일자>2017-12-31</데이터기준일자>
</Row>
<Row>
<연도>2017</연도>
<업소명>연동박가네</업소명>
<소재지_지번_>제주특별자치도 제주시 삼무로9길 15</소재지_지번_>
<메뉴>돼지갈비</메뉴>
<비고>064-711-2227</비고>
<데이터기준일자>2017-12-31</데이터기준일자>
</Row>
<Row>
<연도>2017</연도>
<업소명>연미정</업소명>
<소재지_지번_>제주특별자치도 제주시 세평항로 14</소재지_지번_>
<메뉴>활어회</메뉴>
<비고>064-784-8856</비고>
<데이터기준일자>2017-12-31</데이터기준일자>
</Row>
<Row>
<연도>2017</연도>
<업소명>연우네</업소명>
<소재지_지번_>제주특별자치도 제주시 은수길 110</소재지_지번_>
<메뉴>정식</메뉴>
<비고>064-712-5646</비고>
<데이터기준일자>2017-12-31</데이터기준일자>
</Row>
<Row>
<연도>2017</연도>
<업소명>영월</업소명>
<소재지_지번_>제주특별자치도 제주시 오남로 42-4</소재지_지번_>
<메뉴>식육</메뉴>
<비고>064-757-0303</비고>
<데이터기준일자>2017-12-31</데이터기준일자>
</Row>
<Row>
<연도>2017</연도>
<업소명>영주말가든</업소명>
<소재지_지번_>제주특별자치도 제주시 연북로 196</소재지_지번_>
<메뉴>말고기</메뉴>
<비고>064-748-4343</비고>
<데이터기준일자>2017-12-31</데이터기준일자>
</Row>
<Row>
<연도>2017</연도>
<업소명>예향정제주</업소명>
<소재지_지번_>제주특별자치도 제주시 신설로11길 2-9</소재지_지번_>
<메뉴>두루치기</메뉴>
<비고>064-727-2777</비고>
<데이터기준일자>2017-12-31</데이터기준일자>
</Row>
<Row>
<연도>2017</연도>
<업소명>오도가든</업소명>
<소재지_지번_>제주특별자치도 제주시 오광로6길 3</소재지_지번_>
<메뉴>식육</메뉴>
<비고>064-747-5292</비고>
<데이터기준일자>2017-12-31</데이터기준일자>
</Row>
<Row>
<연도>2017</연도>
<업소명>오라숲소리</업소명>
<소재지_지번_>제주특별자치도 제주시 오라로 80</소재지_지번_>
<메뉴>정식</메뉴>
<비고>064-744-2545</비고>
<데이터기준일자>2017-12-31</데이터기준일자>
</Row>
<Row>
<연도>2017</연도>
<업소명>오름나그네</업소명>
<소재지_지번_>제주특별자치도 제주시 선교로 525</소재지_지번_>
<메뉴>칼국수</메뉴>
<비고>064-784-2277</비고>
<데이터기준일자>2017-12-31</데이터기준일자>
</Row>
<Row>
<연도>2017</연도>
<업소명>오리정</업소명>
<소재지_지번_>제주특별자치도 제주시 수덕3길 4</소재지_지번_>
<메뉴>오리구이</메뉴>
<비고>064-743-5262</비고>
<데이터기준일자>2017-12-31</데이터기준일자>
</Row>
<Row>
<연도>2017</연도>
<업소명>오젠정식</업소명>
<소재지_지번_>제주특별자치도 제주시 명림로 220</소재지_지번_>
<메뉴>정식</메뉴>
<비고>064-722-2585</비고>
<데이터기준일자>2017-12-31</데이터기준일자>
</Row>
<Row>
<연도>2017</연도>
<업소명>올래어촌</업소명>
<소재지_지번_>제주특별자치도 제주시 테우해안로 166</소재지_지번_>
<메뉴>생선회</메뉴>
<비고>064-711-2992</비고>
<데이터기준일자>2017-12-31</데이터기준일자>
</Row>
<Row>
<연도>2017</연도>
<업소명>옹포별장가든</업소명>
<소재지_지번_>제주특별자치도 제주시 한림읍 한림상로 24</소재지_지번_>
<메뉴>식육</메뉴>
<비고>064-796-3146</비고>
<데이터기준일자>2017-12-31</데이터기준일자>
</Row>
<Row>
<연도>2017</연도>
<업소명>외양간</업소명>
<소재지_지번_>제주특별자치도 제주시 선덕로5길 13</소재지_지번_>
<메뉴>말요리</메뉴>
<비고>064-743-0254</비고>
<데이터기준일자>2017-12-31</데이터기준일자>
</Row>
<Row>
<연도>2017</연도>
<업소명>용담밭담</업소명>
<소재지_지번_>제주특별자치도 제주시 서천길 16</소재지_지번_>
<메뉴>흑돼지구이</메뉴>
<비고>064-742-7856</비고>
<데이터기준일자>2017-12-31</데이터기준일자>
</Row>
<Row>
<연도>2017</연도>
<업소명>용운</업소명>
<소재지_지번_>제주특별자치도 제주시 흥운길 91</소재지_지번_>
<메뉴>생선회</메뉴>
<비고>064-711-6171</비고>
<데이터기준일자>2017-12-31</데이터기준일자>
</Row>
<Row>
<연도>2017</연도>
<업소명>우도밥상</업소명>
<소재지_지번_>제주특별자치도 제주시 우도해안길 170</소재지_지번_>
<메뉴>갈치조림</메뉴>
<비고>064-784-6675</비고>
<데이터기준일자>2017-12-31</데이터기준일자>
</Row>
<Row>
<연도>2017</연도>
<업소명>우돈</업소명>
<소재지_지번_>제주특별자치도 제주시 승천로 68</소재지_지번_>
<메뉴>소고기구이</메뉴>
<비고>064-702-5592</비고>
<데이터기준일자>2017-12-31</데이터기준일자>
</Row>
<Row>
<연도>2017</연도>
<업소명>우림</업소명>
<소재지_지번_>제주특별자치도 제주시 도령로 28-2</소재지_지번_>
<메뉴>초밥</메뉴>
<비고>064-748-0748</비고>
<데이터기준일자>2017-12-31</데이터기준일자>
</Row>
<Row>
<연도>2017</연도>
<업소명>우정횟집</업소명>
<소재지_지번_>제주특별자치도 제주시 서부두길 16</소재지_지번_>
<메뉴>활어회</메뉴>
<비고>064-757-4202</비고>
<데이터기준일자>2017-12-31</데이터기준일자>
</Row>
<Row>
<연도>2017</연도>
<업소명>원당골</업소명>
<소재지_지번_>제주특별자치도 제주시 원당로 72</소재지_지번_>
<메뉴>오리고기</메뉴>
<비고>064-725-2525</비고>
<데이터기준일자>2017-12-31</데이터기준일자>
</Row>
<Row>
<연도>2017</연도>
<업소명>월라촌</업소명>
<소재지_지번_>제주특별자치도 제주시 오남로 66</소재지_지번_>
<메뉴>식육</메뉴>
<비고>064-726-4700</비고>
<데이터기준일자>2017-12-31</데이터기준일자>
</Row>
<Row>
<연도>2017</연도>
<업소명>위드스푼제주점</업소명>
<소재지_지번_>제주특별자치도 제주시 한라대학로 15</소재지_지번_>
<메뉴>붸페</메뉴>
<비고>064-743-3399</비고>
<데이터기준일자>2017-12-31</데이터기준일자>
</Row>
<Row>
<연도>2017</연도>
<업소명>유리네</업소명>
<소재지_지번_>제주특별자치도 제주시 연북로 146</소재지_지번_>
<메뉴>갈치조림. 성게국</메뉴>
<비고>064-748-0890</비고>
<데이터기준일자>2017-12-31</데이터기준일자>
</Row>
<Row>
<연도>2017</연도>
<업소명>유연</업소명>
<소재지_지번_>제주특별자치도 제주시 한경면 녹차분재로 685-21</소재지_지번_>
<메뉴>뷔페</메뉴>
<비고>064-772-3701</비고>
<데이터기준일자>2017-12-31</데이터기준일자>
</Row>
<Row>
<연도>2017</연도>
<업소명>육갑봉</업소명>
<소재지_지번_>제주특별자치도 제주시 신설로11길 2-9</소재지_지번_>
<메뉴>갈비탕</메뉴>
<비고>064-726-4111</비고>
<데이터기준일자>2017-12-31</데이터기준일자>
</Row>
<Row>
<연도>2017</연도>
<업소명>으뜸정육식당</업소명>
<소재지_지번_>제주특별자치도 제주시 아연로 114</소재지_지번_>
<메뉴>식육</메뉴>
<비고>064-712-0723</비고>
<데이터기준일자>2017-12-31</데이터기준일자>
</Row>
<Row>
<연도>2017</연도>
<업소명>은성</업소명>
<소재지_지번_>제주특별자치도 제주시 동한두기길 35-1</소재지_지번_>
<메뉴>생선회</메뉴>
<비고>064-722-5997</비고>
<데이터기준일자>2017-12-31</데이터기준일자>
</Row>
<Row>
<연도>2017</연도>
<업소명>은어의집</업소명>
<소재지_지번_>제주특별자치도 제주시 우정로5길 27</소재지_지번_>
<메뉴>식육</메뉴>
<비고>064-743-5237</비고>
<데이터기준일자>2017-12-31</데이터기준일자>
</Row>
<Row>
<연도>2017</연도>
<업소명>은행주가</업소명>
<소재지_지번_>제주특별자치도 제주시 월랑로 127</소재지_지번_>
<메뉴>불도장</메뉴>
<비고>064-745-8666</비고>
<데이터기준일자>2017-12-31</데이터기준일자>
</Row>
<Row>
<연도>2017</연도>
<업소명>은희네해장국노형점</업소명>
<소재지_지번_>제주특별자치도 제주시 원노형로 40</소재지_지번_>
<메뉴>해장국</메뉴>
<비고>064-711-5820</비고>
<데이터기준일자>2017-12-31</데이터기준일자>
</Row>
<Row>
<연도>2017</연도>
<업소명>이가전복</업소명>
<소재지_지번_>제주특별자치도 제주시 무근성길 6</소재지_지번_>
<메뉴>전복요리</메뉴>
<비고>064-726-2009</비고>
<데이터기준일자>2017-12-31</데이터기준일자>
</Row>
<Row>
<연도>2017</연도>
<업소명>이금돈지</업소명>
<소재지_지번_>제주특별자치도 제주시 노연로 143</소재지_지번_>
<메뉴>갈치조림</메뉴>
<비고>064-711-8866</비고>
<데이터기준일자>2017-12-31</데이터기준일자>
</Row>
<Row>
<연도>2017</연도>
<업소명>이돈갓시청점</업소명>
<소재지_지번_>제주특별자치도 제주시 광양14길 9. 3층</소재지_지번_>
<메뉴>돈까스</메뉴>
<비고>064-723-6427</비고>
<데이터기준일자>2017-12-31</데이터기준일자>
</Row>
<Row>
<연도>2017</연도>
<업소명>이만석군횟집</업소명>
<소재지_지번_>제주특별자치도 제주시 도두항서길 26</소재지_지번_>
<메뉴>생선회</메뉴>
<비고>064-742-8883</비고>
<데이터기준일자>2017-12-31</데이터기준일자>
</Row>
<Row>
<연도>2017</연도>
<업소명>이비가짬뽕오라점</업소명>
<소재지_지번_>제주특별자치도 제주시 오남로 11</소재지_지번_>
<메뉴>짬뽕</메뉴>
<비고>064-759-5050</비고>
<데이터기준일자>2017-12-31</데이터기준일자>
</Row>
<Row>
<연도>2017</연도>
<업소명>이비가짬뽕제주1호이호점</업소명>
<소재지_지번_>제주특별자치도 제주시 도공로 154-7</소재지_지번_>
<메뉴>짬뽕</메뉴>
<비고>064-749-3933</비고>
<데이터기준일자>2017-12-31</데이터기준일자>
</Row>
<Row>
<연도>2017</연도>
<업소명>이학</업소명>
<소재지_지번_>제주특별자치도 제주시 남성로 113</소재지_지번_>
<메뉴>생선회.초밥</메뉴>
<비고>064-758-2226</비고>
<데이터기준일자>2017-12-31</데이터기준일자>
</Row>
<Row>
<연도>2017</연도>
<업소명>이화원</업소명>
<소재지_지번_>제주특별자치도 제주시 달마루길 20</소재지_지번_>
<메뉴>짜장면</메뉴>
<비고>064-749-8801</비고>
<데이터기준일자>2017-12-31</데이터기준일자>
</Row>
<Row>
<연도>2017</연도>
<업소명>일등정육식당</업소명>
<소재지_지번_>제주특별자치도 제주시 한림읍 한림상로 145</소재지_지번_>
<메뉴>식육</메뉴>
<비고>064-796-4548</비고>
<데이터기준일자>2017-12-31</데이터기준일자>
</Row>
<Row>
<연도>2017</연도>
<업소명>일맥샤브</업소명>
<소재지_지번_>제주특별자치도 제주시 중앙로14길 40-8</소재지_지번_>
<메뉴>샤브샤브</메뉴>
<비고>064-726-3999</비고>
<데이터기준일자>2017-12-31</데이터기준일자>
</Row>
<Row>
<연도>2017</연도>
<업소명>일품물항아리</업소명>
<소재지_지번_>제주특별자치도 제주시 정원로 49</소재지_지번_>
<메뉴>생선회</메뉴>
<비고>064-747-3615</비고>
<데이터기준일자>2017-12-31</데이터기준일자>
</Row>
<Row>
<연도>2017</연도>
<업소명>일품샤브샤브</업소명>
<소재지_지번_>제주특별자치도 제주시 동광로 161</소재지_지번_>
<메뉴>샤브샤브</메뉴>
<비고>064-727-7779</비고>
<데이터기준일자>2017-12-31</데이터기준일자>
</Row>
<Row>
<연도>2017</연도>
<업소명>자매국수노형점</업소명>
<소재지_지번_>제주특별자치도 제주시 월랑로4길 6</소재지_지번_>
<메뉴>국수</메뉴>
<비고>064-746-2222</비고>
<데이터기준일자>2017-12-31</데이터기준일자>
</Row>
<Row>
<연도>2017</연도>
<업소명>장씨네</업소명>
<소재지_지번_>제주특별자치도 제주시 서사로 78</소재지_지번_>
<메뉴>돼지갈비</메뉴>
<비고>064-722-2992</비고>
<데이터기준일자>2017-12-31</데이터기준일자>
</Row>
<Row>
<연도>2017</연도>
<업소명>장촌한우마을</업소명>
<소재지_지번_>제주특별자치도 제주시 애월읍 천덕로 440-4</소재지_지번_>
<메뉴>식육</메뉴>
<비고>064-799-7890</비고>
<데이터기준일자>2017-12-31</데이터기준일자>
</Row>
<Row>
<연도>2017</연도>
<업소명>장춘육당</업소명>
<소재지_지번_>제주특별자치도 제주시 신대로10길 36</소재지_지번_>
<메뉴>구이</메뉴>
<비고>064-742-8556</비고>
<데이터기준일자>2017-12-31</데이터기준일자>
</Row>
<Row>
<연도>2017</연도>
<업소명>재현이네</업소명>
<소재지_지번_>제주특별자치도 제주시 선덕로 7</소재지_지번_>
<메뉴>돼지갈비</메뉴>
<비고>064-711-5323</비고>
<데이터기준일자>2017-12-31</데이터기준일자>
</Row>
<Row>
<연도>2017</연도>
<업소명>전주콩나루콩나물국밥신제주점</업소명>
<소재지_지번_>제주특별자치도 제주시 신대로10길 16</소재지_지번_>
<메뉴>국밥</메뉴>
<비고>064-747-1920</비고>
<데이터기준일자>2017-12-31</데이터기준일자>
</Row>
<Row>
<연도>2017</연도>
<업소명>정담</업소명>
<소재지_지번_>제주특별자치도 제주시 구남로8길 6</소재지_지번_>
<메뉴>흑돼지구이.양념갈비</메뉴>
<비고>064-758-2334</비고>
<데이터기준일자>2017-12-31</데이터기준일자>
</Row>
<Row>
<연도>2017</연도>
<업소명>정순화손두부</업소명>
<소재지_지번_>제주특별자치도 제주시 일주동로 1415</소재지_지번_>
<메뉴>순두부</메뉴>
<비고>064-783-4900</비고>
<데이터기준일자>2017-12-31</데이터기준일자>
</Row>
<Row>
<연도>2017</연도>
<업소명>정우말가든</업소명>
<소재지_지번_>제주특별자치도 제주시 아연로 17</소재지_지번_>
<메뉴>말고기</메뉴>
<비고>064-747-6525</비고>
<데이터기준일자>2017-12-31</데이터기준일자>
</Row>
<Row>
<연도>2017</연도>
<업소명>제일식당</업소명>
<소재지_지번_>제주특별자치도 제주시 추자면 추자로 16-2</소재지_지번_>
<메뉴>생선회</메뉴>
<비고>064-742-9333</비고>
<데이터기준일자>2017-12-31</데이터기준일자>
</Row>
<Row>
<연도>2017</연도>
<업소명>제주늘봄</업소명>
<소재지_지번_>제주특별자치도 제주시 고사마루길 6</소재지_지번_>
<메뉴>구이</메뉴>
<비고>064-744-9000</비고>
<데이터기준일자>2017-12-31</데이터기준일자>
</Row>
<Row>
<연도>2017</연도>
<업소명>제주맛촌본점</업소명>
<소재지_지번_>제주특별자치도 제주시 서해안로 546. 2층</소재지_지번_>
<메뉴>정식</메뉴>
<비고>064-712-8255</비고>
<데이터기준일자>2017-12-31</데이터기준일자>
</Row>
<Row>
<연도>2017</연도>
<업소명>제주명품콩나물국밥</업소명>
<소재지_지번_>제주특별자치도 제주시 연북로 48</소재지_지번_>
<메뉴>국밥</메뉴>
<비고>064-900-5577</비고>
<데이터기준일자>2017-12-31</데이터기준일자>
</Row>
<Row>
<연도>2017</연도>
<업소명>제주몬트락</업소명>
<소재지_지번_>제주특별자치도 제주시 임항로 20</소재지_지번_>
<메뉴>흑돼지구이</메뉴>
<비고>064-757-2300</비고>
<데이터기준일자>2017-12-31</데이터기준일자>
</Row>
<Row>
<연도>2017</연도>
<업소명>제주미스터스시</업소명>
<소재지_지번_>제주특별자치도 제주시 1100로 3228</소재지_지번_>
<메뉴>초밥</메뉴>
<비고>064-713-3636</비고>
<데이터기준일자>2017-12-31</데이터기준일자>
</Row>
<Row>
<연도>2017</연도>
<업소명>제주배밭고을</업소명>
<소재지_지번_>제주특별자치도 제주시 고마로144</소재지_지번_>
<메뉴>돼지갈비</메뉴>
<비고>064-724-9233</비고>
<데이터기준일자>2017-12-31</데이터기준일자>
</Row>
<Row>
<연도>2017</연도>
<업소명>제주본가</업소명>
<소재지_지번_>제주특별자치도 제주시 비자림로 684</소재지_지번_>
<메뉴>흑돼지불고기정식</메뉴>
<비고>064-784-0900</비고>
<데이터기준일자>2017-12-31</데이터기준일자>
</Row>
<Row>
<연도>2017</연도>
<업소명>제주섬</업소명>
<소재지_지번_>제주특별자치도 제주시 월성로 2</소재지_지번_>
<메뉴>전골</메뉴>
<비고>064-742-1295</비고>
<데이터기준일자>2017-12-31</데이터기준일자>
</Row>
<Row>
<연도>2017</연도>
<업소명>제주소드래</업소명>
<소재지_지번_>제주특별자치도 제주시 가령로1. 2층</소재지_지번_>
<메뉴>돼지보쌈</메뉴>
<비고>064-726-0083</비고>
<데이터기준일자>2017-12-31</데이터기준일자>
</Row>
<Row>
<연도>2017</연도>
<업소명>제주순풍해장국</업소명>
<소재지_지번_>제주특별자치도 제주시 신북로 604</소재지_지번_>
<메뉴>해장국</메뉴>
<비고>064-782-8866</비고>
<데이터기준일자>2017-12-31</데이터기준일자>
</Row>
<Row>
<연도>2017</연도>
<업소명>제주여행가야밀면</업소명>
<소재지_지번_>제주특별자치도 제주시 원노형9길 14</소재지_지번_>
<메뉴>밀면</메뉴>
<비고>064-745-3400</비고>
<데이터기준일자>2017-12-31</데이터기준일자>
</Row>
<Row>
<연도>2017</연도>
<업소명>제주연북로해물탕</업소명>
<소재지_지번_>제주특별자치도 제주시 연북로 221</소재지_지번_>
<메뉴>해물탕</메뉴>
<비고>064-742-0110</비고>
<데이터기준일자>2017-12-31</데이터기준일자>
</Row>
<Row>
<연도>2017</연도>
<업소명>제주영재숯불</업소명>
<소재지_지번_>제주특별자치도 제주시 신광로10길 23</소재지_지번_>
<메뉴>돼지갈비</메뉴>
<비고>064-748-0521</비고>
<데이터기준일자>2017-12-31</데이터기준일자>
</Row>
<Row>
<연도>2017</연도>
<업소명>제주오라성</업소명>
<소재지_지번_>제주특별자치도 제주시 오라남로 16</소재지_지번_>
<메뉴>말고기</메뉴>
<비고>064-748-3005</비고>
<데이터기준일자>2017-12-31</데이터기준일자>
</Row>
<Row>
<연도>2017</연도>
<업소명>제주일송정가든</업소명>
<소재지_지번_>제주특별자치도 제주시 천수동로 51-5</소재지_지번_>
<메뉴>돼지갈비</메뉴>
<비고>064-756-0600</비고>
<데이터기준일자>2017-12-31</데이터기준일자>
</Row>
<Row>
<연도>2017</연도>
<업소명>제주정</업소명>
<소재지_지번_>제주특별자치도 제주시 일주동로 320</소재지_지번_>
<메뉴>갈비탕.갈비찜</메뉴>
<비고>064-721-2228</비고>
<데이터기준일자>2017-12-31</데이터기준일자>
</Row>
<Row>
<연도>2017</연도>
<업소명>제주정지</업소명>
<소재지_지번_>제주특별자치도 제주시 서해안로 480</소재지_지번_>
<메뉴>해물뚝배기</메뉴>
<비고>064-711-0810</비고>
<데이터기준일자>2017-12-31</데이터기준일자>
</Row>
<Row>
<연도>2017</연도>
<업소명>제주축협한우플라자노형점</업소명>
<소재지_지번_>제주특별자치도 제주시 노형11길 25</소재지_지번_>
<메뉴>구이</메뉴>
<비고>064-747-2667</비고>
<데이터기준일자>2017-12-31</데이터기준일자>
</Row>
<Row>
<연도>2017</연도>
<업소명>제주축협한우플라자삼화점</업소명>
<소재지_지번_>제주특별자치도 제주시 건주로 45. 2~3층</소재지_지번_>
<메뉴>한우구이</메뉴>
<비고>064-758-5205</비고>
<데이터기준일자>2017-12-31</데이터기준일자>
</Row>
<Row>
<연도>2017</연도>
<업소명>제주통큰장어</업소명>
<소재지_지번_>제주특별자치도 제주시 청귤로3길 50</소재지_지번_>
<메뉴>장어구이</메뉴>
<비고>064-759-0009</비고>
<데이터기준일자>2017-12-31</데이터기준일자>
</Row>
<Row>
<연도>2017</연도>
<업소명>제주한우리</업소명>
<소재지_지번_>제주특별자치도 제주시 고사마루길 10</소재지_지번_>
<메뉴>식육</메뉴>
<비고>064-744-9700</비고>
<데이터기준일자>2017-12-31</데이터기준일자>
</Row>
<Row>
<연도>2017</연도>
<업소명>제주한우앤돈</업소명>
<소재지_지번_>제주특별자치도 제주시 세평항로 19</소재지_지번_>
<메뉴>소고기</메뉴>
<비고>064-901-9633</비고>
<데이터기준일자>2017-12-31</데이터기준일자>
</Row>
<Row>
<연도>2017</연도>
<업소명>제주향토골</업소명>
<소재지_지번_>제주특별자치도 제주시 공항로 2</소재지_지번_>
<메뉴>갈치구이.조림</메뉴>
<비고>064-712-1666</비고>
<데이터기준일자>2017-12-31</데이터기준일자>
</Row>
<Row>
<연도>2017</연도>
<업소명>제주흑돼지마씸</업소명>
<소재지_지번_>제주특별자치도 제주시 탑동로 18</소재지_지번_>
<메뉴>흑돼지구이</메뉴>
<비고>064-726-2656</비고>
<데이터기준일자>2017-12-31</데이터기준일자>
</Row>
<Row>
<연도>2017</연도>
<업소명>조마루뼈다귀노형점</업소명>
<소재지_지번_>제주특별자치도 제주시 수덕로 83</소재지_지번_>
<메뉴>뼈다귀전골</메뉴>
<비고>064-711-3535</비고>
<데이터기준일자>2017-12-31</데이터기준일자>
</Row>
<Row>
<연도>2017</연도>
<업소명>조마루뼈다귀외도점</업소명>
<소재지_지번_>제주특별자치도 제주시 우정로11길 3</소재지_지번_>
<메뉴>감자탕</메뉴>
<비고>064-742-5885</비고>
<데이터기준일자>2017-12-31</데이터기준일자>
</Row>
<Row>
<연도>2017</연도>
<업소명>조마루뼈다귀용담점</업소명>
<소재지_지번_>제주특별자치도 제주시 흥운길 20</소재지_지번_>
<메뉴>감자탕</메뉴>
<비고>064-712-9803</비고>
<데이터기준일자>2017-12-31</데이터기준일자>
</Row>
<Row>
<연도>2017</연도>
<업소명>조마루뼈다귀일도지구점</업소명>
<소재지_지번_>제주특별자치도 제주시 연수로 3길 5</소재지_지번_>
<메뉴>해장국</메뉴>
<비고>064-723-0440</비고>
<데이터기준일자>2017-12-31</데이터기준일자>
</Row>
<Row>
<연도>2017</연도>
<업소명>주식회사돔베돈</업소명>
<소재지_지번_>제주특별자치도 제주시 관덕로15길 25</소재지_지번_>
<메뉴>돼지고기</메뉴>
<비고>064-753-0008</비고>
<데이터기준일자>2017-12-31</데이터기준일자>
</Row>
<Row>
<연도>2017</연도>
<업소명>즐겨?기</업소명>
<소재지_지번_>제주특별자치도 제주시 매촌1길 18</소재지_지번_>
<메뉴>짜장면.탕수육</메뉴>
<비고>064-758-1930</비고>
<데이터기준일자>2017-12-31</데이터기준일자>
</Row>
<Row>
<연도>2017</연도>
<업소명>지지지</업소명>
<소재지_지번_>제주특별자치도 제주시 신대로 104</소재지_지번_>
<메뉴>갈비</메뉴>
<비고>064-747-7222</비고>
<데이터기준일자>2017-12-31</데이터기준일자>
</Row>
<Row>
<연도>2017</연도>
<업소명>진양해장국</업소명>
<소재지_지번_>제주특별자치도 제주시 지석10길 13</소재지_지번_>
<메뉴>해장국</메뉴>
<비고>064-725-4117</비고>
<데이터기준일자>2017-12-31</데이터기준일자>
</Row>
<Row>
<연도>2017</연도>
<업소명>채원</업소명>
<소재지_지번_>제주특별자치도 제주시 가령골2길 4</소재지_지번_>
<메뉴>생선회.지리</메뉴>
<비고>064-751-3305</비고>
<데이터기준일자>2017-12-31</데이터기준일자>
</Row>
<Row>
<연도>2017</연도>
<업소명>천둥소리</업소명>
<소재지_지번_>제주특별자치도 제주시 원남6길 5</소재지_지번_>
<메뉴>식육</메뉴>
<비고>064-723-9200</비고>
<데이터기준일자>2017-12-31</데이터기준일자>
</Row>
<Row>
<연도>2017</연도>
<업소명>천제연정육식당</업소명>
<소재지_지번_>제주특별자치도 제주시 임항로 42. 2층</소재지_지번_>
<메뉴>돼지고기</메뉴>
<비고>064-757-5911</비고>
<데이터기준일자>2017-12-31</데이터기준일자>
</Row>
<Row>
<연도>2017</연도>
<업소명>천지연무태장어천지연</업소명>
<소재지_지번_>제주특별자치도 제주시 연삼로 461</소재지_지번_>
<메뉴>장어구이</메뉴>
<비고>064-727-0592</비고>
<데이터기준일자>2017-12-31</데이터기준일자>
</Row>
<Row>
<연도>2017</연도>
<업소명>천하일품</업소명>
<소재지_지번_>제주특별자치도 제주시 신대로14길 35</소재지_지번_>
<메뉴>돼지갈비</메뉴>
<비고>064-748-6592</비고>
<데이터기준일자>2017-12-31</데이터기준일자>
</Row>
<Row>
<연도>2017</연도>
<업소명>천해천</업소명>
<소재지_지번_>제주특별자치도 제주시 한라대학로 25</소재지_지번_>
<메뉴>샤브샤브</메뉴>
<비고>064-742-1101</비고>
<데이터기준일자>2017-12-31</데이터기준일자>
</Row>
<Row>
<연도>2017</연도>
<업소명>청산</업소명>
<소재지_지번_>제주특별자치도 제주시 연삼로 438-1</소재지_지번_>
<메뉴>오리구이</메뉴>
<비고>064-725-5292</비고>
<데이터기준일자>2017-12-31</데이터기준일자>
</Row>
<Row>
<연도>2017</연도>
<업소명>청어림</업소명>
<소재지_지번_>제주특별자치도 제주시 원노형7길 10</소재지_지번_>
<메뉴>고등어조림</메뉴>
<비고>064-757-3392</비고>
<데이터기준일자>2017-12-31</데이터기준일자>
</Row>
<Row>
<연도>2017</연도>
<업소명>청우가든</업소명>
<소재지_지번_>제주특별자치도 제주시 일주동로 792</소재지_지번_>
<메뉴>돼지갈비</메뉴>
<비고>064-782-5201</비고>
<데이터기준일자>2017-12-31</데이터기준일자>
</Row>
<Row>
<연도>2017</연도>
<업소명>청지목</업소명>
<소재지_지번_>제주특별자치도 제주시 교래4길 20</소재지_지번_>
<메뉴>토종닭</메뉴>
<비고>064-784-5598</비고>
<데이터기준일자>2017-12-31</데이터기준일자>
</Row>
<Row>
<연도>2017</연도>
<업소명>초가장</업소명>
<소재지_지번_>제주특별자치도 제주시 서부두길 16</소재지_지번_>
<메뉴>활어회</메뉴>
<비고>064-758-1333</비고>
<데이터기준일자>2017-12-31</데이터기준일자>
</Row>
<Row>
<연도>2017</연도>
<업소명>초원식당</업소명>
<소재지_지번_>제주특별자치도 제주시 신북로 598</소재지_지번_>
<메뉴>흑돼지구이</메뉴>
<비고>064-783-8527</비고>
<데이터기준일자>2017-12-31</데이터기준일자>
</Row>
<Row>
<연도>2017</연도>
<업소명>촌촌해녀촌</업소명>
<소재지_지번_>제주특별자치도 제주시 동복로 35</소재지_지번_>
<메뉴>회국수</메뉴>
<비고>064-783-4242</비고>
<데이터기준일자>2017-12-31</데이터기준일자>
</Row>
<Row>
<연도>2017</연도>
<업소명>카페레몬테이블제주노형점</업소명>
<소재지_지번_>제주특별자치도 제주시 과원북4길 29</소재지_지번_>
<메뉴>스테이크</메뉴>
<비고>064-747-3342</비고>
<데이터기준일자>2017-12-31</데이터기준일자>
</Row>
<Row>
<연도>2017</연도>
<업소명>쿠우쿠우제주시청점</업소명>
<소재지_지번_>제주특별자치도 제주시 서광로30길 8. 2층</소재지_지번_>
<메뉴>초밥.롤</메뉴>
<비고>064-722-6274</비고>
<데이터기준일자>2017-12-31</데이터기준일자>
</Row>
<Row>
<연도>2017</연도>
<업소명>큰가름이도점</업소명>
<소재지_지번_>제주특별자치도 제주시 승천로 2</소재지_지번_>
<메뉴>감자탕</메뉴>
<비고>064-752-0153</비고>
<데이터기준일자>2017-12-31</데이터기준일자>
</Row>
<Row>
<연도>2017</연도>
<업소명>탐라향</업소명>
<소재지_지번_>제주특별자치도 제주시 서해안로 346-13</소재지_지번_>
<메뉴>뷔페</메뉴>
<비고>064-748-5800</비고>
<데이터기준일자>2017-12-31</데이터기준일자>
</Row>
<Row>
<연도>2017</연도>
<업소명>탑동산호전복</업소명>
<소재지_지번_>제주특별자치도 제주시 탑동로 59</소재지_지번_>
<메뉴>전복요리</메뉴>
<비고>064-758-0123</비고>
<데이터기준일자>2017-12-31</데이터기준일자>
</Row>
<Row>
<연도>2017</연도>
<업소명>탑동패밀리레스토랑</업소명>
<소재지_지번_>제주특별자치도 제주시 탑동로2길 3. 2층</소재지_지번_>
<메뉴>파스타.돈까스</메뉴>
<비고>064-720-8224</비고>
<데이터기준일자>2017-12-31</데이터기준일자>
</Row>
<Row>
<연도>2017</연도>
<업소명>탑부평</업소명>
<소재지_지번_>제주특별자치도 제주시 관덕로15길 26</소재지_지번_>
<메뉴>돼지고기</메뉴>
<비고>064-721-7869</비고>
<데이터기준일자>2017-12-31</데이터기준일자>
</Row>
<Row>
<연도>2017</연도>
<업소명>태광</업소명>
<소재지_지번_>제주특별자치도 제주시 탑동로 144</소재지_지번_>
<메뉴>돼지주물럭</메뉴>
<비고>064-751-1071</비고>
<데이터기준일자>2017-12-31</데이터기준일자>
</Row>
<Row>
<연도>2017</연도>
<업소명>태백산1호점</업소명>
<소재지_지번_>제주특별자치도 제주시 광평동로 45</소재지_지번_>
<메뉴>갈비</메뉴>
<비고>064-747-6692</비고>
<데이터기준일자>2017-12-31</데이터기준일자>
</Row>
<Row>
<연도>2017</연도>
<업소명>태백산2호점</업소명>
<소재지_지번_>제주특별자치도 제주시 진군1길 17</소재지_지번_>
<메뉴>구이</메뉴>
<비고>064-747-8592</비고>
<데이터기준일자>2017-12-31</데이터기준일자>
</Row>
<Row>
<연도>2017</연도>
<업소명>태백산제주본점</업소명>
<소재지_지번_>제주특별자치도 제주시 도공로 154-12</소재지_지번_>
<메뉴>식육</메뉴>
<비고>064-744-0001</비고>
<데이터기준일자>2017-12-31</데이터기준일자>
</Row>
<Row>
<연도>2017</연도>
<업소명>토계정</업소명>
<소재지_지번_>제주특별자치도 제주시 교래3길 1</소재지_지번_>
<메뉴>토종닭</메뉴>
<비고>064-783-2297</비고>
<데이터기준일자>2017-12-31</데이터기준일자>
</Row>
<Row>
<연도>2017</연도>
<업소명>토끼와거북이</업소명>
<소재지_지번_>제주특별자치도 제주시 서해안로 498-6. 101호</소재지_지번_>
<메뉴>갈치구이</메뉴>
<비고>064-713-4444</비고>
<데이터기준일자>2017-12-31</데이터기준일자>
</Row>
<Row>
<연도>2017</연도>
<업소명>통영아귀찜</업소명>
<소재지_지번_>제주특별자치도 제주시 번영로 535</소재지_지번_>
<메뉴>아귀찜</메뉴>
<비고>064-721-9002</비고>
<데이터기준일자>2017-12-31</데이터기준일자>
</Row>
<Row>
<연도>2017</연도>
<업소명>투망</업소명>
<소재지_지번_>제주특별자치도 제주시 도두항서길 69-1</소재지_지번_>
<메뉴>생선회</메뉴>
<비고>064-711-7815</비고>
<데이터기준일자>2017-12-31</데이터기준일자>
</Row>
<Row>
<연도>2017</연도>
<업소명>파라다이스회관</업소명>
<소재지_지번_>제주특별자치도 제주시 삼성로 11</소재지_지번_>
<메뉴>갈비탕</메뉴>
<비고>064-725-2011</비고>
<데이터기준일자>2017-12-31</데이터기준일자>
</Row>
<Row>
<연도>2017</연도>
<업소명>푸라닭신제주점</업소명>
<소재지_지번_>제주특별자치도 제주시 원노형로 36</소재지_지번_>
<메뉴>통닭</메뉴>
<비고>064-749-9493</비고>
<데이터기준일자>2017-12-31</데이터기준일자>
</Row>
<Row>
<연도>2017</연도>
<업소명>푸주옥노형점</업소명>
<소재지_지번_>제주특별자치도 제주시 월랑로 65</소재지_지번_>
<메뉴>도가니탕</메뉴>
<비고>064-744-6788</비고>
<데이터기준일자>2017-12-31</데이터기준일자>
</Row>
<Row>
<연도>2017</연도>
<업소명>푸주옥도남점</업소명>
<소재지_지번_>제주특별자치도 제주시 독짓골4길 4</소재지_지번_>
<메뉴>설렁탕</메뉴>
<비고>064-727-8889</비고>
<데이터기준일자>2017-12-31</데이터기준일자>
</Row>
<Row>
<연도>2017</연도>
<업소명>푸주옥오라점</업소명>
<소재지_지번_>제주특별자치도 제주시 오라로 140</소재지_지번_>
<메뉴>설렁탕</메뉴>
<비고>064-727-8888</비고>
<데이터기준일자>2017-12-31</데이터기준일자>
</Row>
<Row>
<연도>2017</연도>
<업소명>풍경버섯샤브샤브</업소명>
<소재지_지번_>제주특별자치도 제주시 애월읍 애월해안로 906</소재지_지번_>
<메뉴>샤브샤브</메뉴>
<비고>064-711-0993</비고>
<데이터기준일자>2017-12-31</데이터기준일자>
</Row>
<Row>
<연도>2017</연도>
<업소명>풍경채</업소명>
<소재지_지번_>제주특별자치도 제주시 오도길 10-3</소재지_지번_>
<메뉴>식육</메뉴>
<비고>064-713-2535</비고>
<데이터기준일자>2017-12-31</데이터기준일자>
</Row>
<Row>
<연도>2017</연도>
<업소명>풍전</업소명>
<소재지_지번_>제주특별자치도 제주시 연동8길 30</소재지_지번_>
<메뉴>갈비</메뉴>
<비고>064-742-8500</비고>
<데이터기준일자>2017-12-31</데이터기준일자>
</Row>
<Row>
<연도>2017</연도>
<업소명>풍천만가</업소명>
<소재지_지번_>제주특별자치도 제주시 아연로 40</소재지_지번_>
<메뉴>장어구이</메뉴>
<비고>064-713-6255</비고>
<데이터기준일자>2017-12-31</데이터기준일자>
</Row>
<Row>
<연도>2017</연도>
<업소명>하귀바글바글가든</업소명>
<소재지_지번_>제주특별자치도 제주시 애월읍 하귀1리 232-1</소재지_지번_>
<메뉴>식육</메뉴>
<비고>064-713-2555</비고>
<데이터기준일자>2017-12-31</데이터기준일자>
</Row>
<Row>
<연도>2017</연도>
<업소명>하귀청마루</업소명>
<소재지_지번_>제주특별자치도 제주시 애월읍 항몽로71-1</소재지_지번_>
<메뉴>식육</메뉴>
<비고>064-711-9233</비고>
<데이터기준일자>2017-12-31</데이터기준일자>
</Row>
<Row>
<연도>2017</연도>
<업소명>하늘채</업소명>
<소재지_지번_>제주특별자치도 제주시 오등14길 4</소재지_지번_>
<메뉴>샤브샤브</메뉴>
<비고>064-749-1068</비고>
<데이터기준일자>2017-12-31</데이터기준일자>
</Row>
<Row>
<연도>2017</연도>
<업소명>하루방흑돼지촌</업소명>
<소재지_지번_>제주특별자치도 제주시 애월읍 애월해안로 941</소재지_지번_>
<메뉴>식육</메뉴>
<비고>064-713-8899</비고>
<데이터기준일자>2017-12-31</데이터기준일자>
</Row>
<Row>
<연도>2017</연도>
<업소명>하르방밀면운동장점</업소명>
<소재지_지번_>제주특별자치도 제주시 공설로 53</소재지_지번_>
<메뉴>밀면</메뉴>
<비고>064-792-5000</비고>
<데이터기준일자>2017-12-31</데이터기준일자>
</Row>
<Row>
<연도>2017</연도>
<업소명>한림바다생태체험마을</업소명>
<소재지_지번_>제주특별자치도 제주시 한림읍 한림해안로 200</소재지_지번_>
<메뉴>생선회</메뉴>
<비고>064-796-1817</비고>
<데이터기준일자>2017-12-31</데이터기준일자>
</Row>
<Row>
<연도>2017</연도>
<업소명>한림정일품</업소명>
<소재지_지번_>제주특별자치도 제주시 한림읍 한림해안로 154</소재지_지번_>
<메뉴>생선회</메뉴>
<비고>064-796-7534</비고>
<데이터기준일자>2017-12-31</데이터기준일자>
</Row>
<Row>
<연도>2017</연도>
<업소명>한어정</업소명>
<소재지_지번_>제주특별자치도 제주시 만덕로6길 34</소재지_지번_>
<메뉴>생선회</메뉴>
<비고>064-725-4333</비고>
<데이터기준일자>2017-12-31</데이터기준일자>
</Row>
<Row>
<연도>2017</연도>
<업소명>한우플라자</업소명>
<소재지_지번_>제주특별자치도 제주시 중앙로 415</소재지_지번_>
<메뉴>식육</메뉴>
<비고>064-726-5671</비고>
<데이터기준일자>2017-12-31</데이터기준일자>
</Row>
<Row>
<연도>2017</연도>
<업소명>한일식당</업소명>
<소재지_지번_>제주특별자치도 제주시 애월읍 납읍남로 48</소재지_지번_>
<메뉴>식육</메뉴>
<비고>064-799-3191</비고>
<데이터기준일자>2017-12-31</데이터기준일자>
</Row>
<Row>
<연도>2017</연도>
<업소명>해녀식당</업소명>
<소재지_지번_>제주특별자치도 제주시 동복로 5</소재지_지번_>
<메뉴>활어회</메뉴>
<비고>064-783-4158</비고>
<데이터기준일자>2017-12-31</데이터기준일자>
</Row>
<Row>
<연도>2017</연도>
<업소명>해녀촌식당</업소명>
<소재지_지번_>제주특별자치도 제주시 동복로 33</소재지_지번_>
<메뉴>회국수</메뉴>
<비고>064-783-5438</비고>
<데이터기준일자>2017-12-31</데이터기준일자>
</Row>
<Row>
<연도>2017</연도>
<업소명>해모둠</업소명>
<소재지_지번_>제주특별자치도 제주시 청귤로3길 53</소재지_지번_>
<메뉴>생선회.지리</메뉴>
<비고>064-758-6400</비고>
<데이터기준일자>2017-12-31</데이터기준일자>
</Row>
<Row>
<연도>2017</연도>
<업소명>해물탕다우정</업소명>
<소재지_지번_>제주특별자치도 제주시 고산동산2길 9</소재지_지번_>
<메뉴>해물탕</메뉴>
<비고>064-751-9966</비고>
<데이터기준일자>2017-12-31</데이터기준일자>
</Row>
<Row>
<연도>2017</연도>
<업소명>해어랑</업소명>
<소재지_지번_>제주특별자치도 제주시 조함해안로525</소재지_지번_>
<메뉴>활어회</메뉴>
<비고>064-784-8828</비고>
<데이터기준일자>2017-12-31</데이터기준일자>
</Row>
<Row>
<연도>2017</연도>
<업소명>해연</업소명>
<소재지_지번_>제주특별자치도 제주시 흥운길 83</소재지_지번_>
<메뉴>생선회</메뉴>
<비고>064-711-9729</비고>
<데이터기준일자>2017-12-31</데이터기준일자>
</Row>
<Row>
<연도>2017</연도>
<업소명>해원</업소명>
<소재지_지번_>제주특별자치도 제주시 서해안로 687-6</소재지_지번_>
<메뉴>생선회</메뉴>
<비고>064-711-2552</비고>
<데이터기준일자>2017-12-31</데이터기준일자>
</Row>
<Row>
<연도>2017</연도>
<업소명>해원앙</업소명>
<소재지_지번_>제주특별자치도 제주시 연삼로 457-1</소재지_지번_>
<메뉴>생선회</메뉴>
<비고>064-758-3670</비고>
<데이터기준일자>2017-12-31</데이터기준일자>
</Row>
<Row>
<연도>2017</연도>
<업소명>해진횟집</업소명>
<소재지_지번_>제주특별자치도 제주시 서부두길 22</소재지_지번_>
<메뉴>활어회</메뉴>
<비고>064-722-4584</비고>
<데이터기준일자>2017-12-31</데이터기준일자>
</Row>
<Row>
<연도>2017</연도>
<업소명>해향막회</업소명>
<소재지_지번_>제주특별자치도 제주시 월대5길 6</소재지_지번_>
<메뉴>생선회</메뉴>
<비고>064-713-9942</비고>
<데이터기준일자>2017-12-31</데이터기준일자>
</Row>
<Row>
<연도>2017</연도>
<업소명>혁이네</업소명>
<소재지_지번_>제주특별자치도 제주시 수덕7길 26</소재지_지번_>
<메뉴>생선회</메뉴>
<비고>064-763-8808</비고>
<데이터기준일자>2017-12-31</데이터기준일자>
</Row>
<Row>
<연도>2017</연도>
<업소명>혼섬갈비</업소명>
<소재지_지번_>제주특별자치도 제주시 월랑로10길 6</소재지_지번_>
<메뉴>갈비</메뉴>
<비고>064-746-0300</비고>
<데이터기준일자>2017-12-31</데이터기준일자>
</Row>
<Row>
<연도>2017</연도>
<업소명>혼참치</업소명>
<소재지_지번_>제주특별자치도 제주시 오복4길 3</소재지_지번_>
<메뉴>참치회.초밥</메뉴>
<비고>064-722-4764</비고>
<데이터기준일자>2017-12-31</데이터기준일자>
</Row>
<Row>
<연도>2017</연도>
<업소명>홋카이도</업소명>
<소재지_지번_>제주특별자치도 제주시 노연로 42</소재지_지번_>
<메뉴>생선회</메뉴>
<비고>064-747-4343</비고>
<데이터기준일자>2017-12-31</데이터기준일자>
</Row>
<Row>
<연도>2017</연도>
<업소명>홍소반</업소명>
<소재지_지번_>제주특별자치도 제주시 천수로6길 36</소재지_지번_>
<메뉴>쌈밥정식</메뉴>
<비고>064-723-5567</비고>
<데이터기준일자>2017-12-31</데이터기준일자>
</Row>
<Row>
<연도>2017</연도>
<업소명>화남가든</업소명>
<소재지_지번_>제주특별자치도 제주시 노형로 44</소재지_지번_>
<메뉴>조림류</메뉴>
<비고>064-746-8152</비고>
<데이터기준일자>2017-12-31</데이터기준일자>
</Row>
<Row>
<연도>2017</연도>
<업소명>화룡각</업소명>
<소재지_지번_>제주특별자치도 제주시 산지로 13-1</소재지_지번_>
<메뉴>자장면</메뉴>
<비고>064-721-6543</비고>
<데이터기준일자>2017-12-31</데이터기준일자>
</Row>
<Row>
<연도>2017</연도>
<업소명>화목원</업소명>
<소재지_지번_>제주특별자치도 제주시 연화남길 41</소재지_지번_>
<메뉴>한정식</메뉴>
<비고>064-748-0023</비고>
<데이터기준일자>2017-12-31</데이터기준일자>
</Row>
<Row>
<연도>2017</연도>
<업소명>화물터미널</업소명>
<소재지_지번_>제주특별자치도 제주시 번영로 345</소재지_지번_>
<메뉴>정식.김치찌개</메뉴>
<비고>064-757-1534</비고>
<데이터기준일자>2017-12-31</데이터기준일자>
</Row>
<Row>
<연도>2017</연도>
<업소명>화연이네</업소명>
<소재지_지번_>제주특별자치도 제주시 애월읍 애월해안로 224</소재지_지번_>
<메뉴>조림류</메뉴>
<비고>064-799-7551</비고>
<데이터기준일자>2017-12-31</데이터기준일자>
</Row>
<Row>
<연도>2017</연도>
<업소명>황금섬숯불갈비</업소명>
<소재지_지번_>제주특별자치도 제주시 추자면 추자로 36</소재지_지번_>
<메뉴>돼지양념갈비.생선구이</메뉴>
<비고>064-742-0478</비고>
<데이터기준일자>2017-12-31</데이터기준일자>
</Row>
<Row>
<연도>2017</연도>
<업소명>황금어장</업소명>
<소재지_지번_>제주특별자치도 제주시 사장길 14</소재지_지번_>
<메뉴>갈치조림</메뉴>
<비고>064-748-8989</비고>
<데이터기준일자>2017-12-31</데이터기준일자>
</Row>
<Row>
<연도>2017</연도>
<업소명>후니참치</업소명>
<소재지_지번_>제주특별자치도 제주시 노연로 39</소재지_지번_>
<메뉴>생선회</메뉴>
<비고>064-748-8887</비고>
<데이터기준일자>2017-12-31</데이터기준일자>
</Row>
<Row>
<연도>2017</연도>
<업소명>흑돈가</업소명>
<소재지_지번_>제주특별자치도 제주시 한라대학로 11</소재지_지번_>
<메뉴>구이</메뉴>
<비고>064-747-0088</비고>
<데이터기준일자>2017-12-31</데이터기준일자>
</Row>
<Row>
<연도>2017</연도>
<업소명>흑돼지가있는풍경</업소명>
<소재지_지번_>제주특별자치도 제주시 진군남4길 7-8</소재지_지번_>
<메뉴>구이</메뉴>
<비고>064-742-1108</비고>
<데이터기준일자>2017-12-31</데이터기준일자>
</Row>
<Row>
<연도>2017</연도>
<업소명>(주)삼다도횟집</업소명>
<소재지_지번_>제주특별자치도 제주시 서해안로 572</소재지_지번_>
<메뉴>활어회</메뉴>
<비고>064-711-7085</비고>
<데이터기준일자>2017-12-31</데이터기준일자>
</Row>
</root>
