<?xml version="1.0" encoding="UTF-8"?>
<root>
<header>
<header>연번</header>
<header>업소명</header>
<header>소재지</header>
<header>전화번호</header>
</header>
<Row>
<연번>1</연번>
<업소명>국수강산</업소명>
<소재지>제주특별자치도 제주시 신산로 91</소재지>
<전화번호>064-752-3329</전화번호>
</Row>
<Row>
<연번>2</연번>
<업소명>신산국수</업소명>
<소재지>제주특별자치도 제주시 삼성로 59</소재지>
<전화번호>064-721-9890</전화번호>
</Row>
<Row>
<연번>3</연번>
<업소명>국수마당</업소명>
<소재지>제주특별자치도 제주시 삼성로 65</소재지>
<전화번호>064-727-6001</전화번호>
</Row>
<Row>
<연번>4</연번>
<업소명>자매국수</업소명>
<소재지>제주특별자치도 제주시 삼성로 67</소재지>
<전화번호>064-727-1112</전화번호>
</Row>
<Row>
<연번>5</연번>
<업소명>왕고모네식당</업소명>
<소재지>제주특별자치도 제주시 신산로 83</소재지>
<전화번호>064-753-0049</전화번호>
</Row>
<Row>
<연번>6</연번>
<업소명>어머니손맛국수</업소명>
<소재지>제주특별자치도 제주시 신산로 65-1</소재지>
<전화번호>064-722-8751</전화번호>
</Row>
<Row>
<연번>7</연번>
<업소명>먹자국수</업소명>
<소재지>제주특별자치도 제주시 신산로 63</소재지>
<전화번호>064-753-5999</전화번호>
</Row>
</root>
