<?xml version="1.0" encoding="UTF-8"?>
<root>
<header>
<header>업소명</header>
<header>소재지</header>
<header>위도</header>
<header>경도</header>
<header>전화번호</header>
<header>업태</header>
<header>주된음식</header>
<header>행정동</header>
<header>_재_지정사항</header>
<header>데이터기준일자</header>
</header>
<Row>
<업소명>삼다해물뚝배기</업소명>
<소재지>제주특별자치도 서귀포시 일주동로 8167 (하효동)</소재지>
<위도>33.260322</위도>
<경도>126.6148546</경도>
<전화번호>064-733-0591</전화번호>
<업태>한식</업태>
<주된음식>해물뚝배기</주된음식>
<행정동>효돈동</행정동>
<_재_지정사항>재지정</_재_지정사항>
<데이터기준일자>2018-11-01</데이터기준일자>
</Row>
<Row>
<업소명>미향해장국효돈점</업소명>
<소재지>제주특별자치도 서귀포시 효돈로 11 (신효동)</소재지>
<위도>33.2608222</위도>
<경도>126.6007439</경도>
<전화번호>064-767-6767</전화번호>
<업태>한식</업태>
<주된음식>해장국</주된음식>
<행정동>효돈동</행정동>
<_재_지정사항>재지정</_재_지정사항>
<데이터기준일자>2018-11-01</데이터기준일자>
</Row>
<Row>
<업소명>낭밭식당</업소명>
<소재지>제주특별자치도 서귀포시 표선면 서성일로 31</소재지>
<위도>33.3948805</위도>
<경도>126.8007685</경도>
<전화번호>064-787-0414</전화번호>
<업태>한식</업태>
<주된음식>돼지불고기</주된음식>
<행정동>표선면</행정동>
<_재_지정사항>재지정</_재_지정사항>
<데이터기준일자>2018-11-01</데이터기준일자>
</Row>
<Row>
<업소명>돌집식당</업소명>
<소재지>제주특별자치도 서귀포시 표선면 서성일로 23</소재지>
<위도>33.3940309</위도>
<경도>126.8006415</경도>
<전화번호>064-787-3720</전화번호>
<업태>한식</업태>
<주된음식>흑돼지구이</주된음식>
<행정동>표선면</행정동>
<_재_지정사항>재지정</_재_지정사항>
<데이터기준일자>2018-11-01</데이터기준일자>
</Row>
<Row>
<업소명>성읍타운</업소명>
<소재지>제주특별자치도 서귀포시 표선면 성읍민속로 191</소재지>
<위도>33.3932437</위도>
<경도>126.7963529</경도>
<전화번호>064-787-8005</전화번호>
<업태>한식</업태>
<주된음식>돼지불고기</주된음식>
<행정동>표선면</행정동>
<_재_지정사항>재지정</_재_지정사항>
<데이터기준일자>2018-11-01</데이터기준일자>
</Row>
<Row>
<업소명>목장원식당바스메</업소명>
<소재지>제주특별자치도 서귀포시 표선면 번영로 2524</소재지>
<위도>33.4136187</위도>
<경도>126.7527705</경도>
<전화번호>064-787-3930</전화번호>
<업태>한식</업태>
<주된음식>말고기요리</주된음식>
<행정동>표선면</행정동>
<_재_지정사항>재지정</_재_지정사항>
<데이터기준일자>2018-11-01</데이터기준일자>
</Row>
<Row>
<업소명>강해일횟집</업소명>
<소재지>제주특별자치도 서귀포시 표선면 표선당포로 14</소재지>
<위도>33.3257158</위도>
<경도>126.844434</경도>
<전화번호>064-787-7270</전화번호>
<업태>일식</업태>
<주된음식>활어회</주된음식>
<행정동>표선면</행정동>
<_재_지정사항>재지정</_재_지정사항>
<데이터기준일자>2018-11-01</데이터기준일자>
</Row>
<Row>
<업소명>오라방식당</업소명>
<소재지>제주특별자치도 서귀포시 표선면 성읍서문로 19</소재지>
<위도>33.3860871</위도>
<경도>126.7995673</경도>
<전화번호>064-787-7878</전화번호>
<업태>한식</업태>
<주된음식>돼지불고기</주된음식>
<행정동>표선면</행정동>
<_재_지정사항>재지정</_재_지정사항>
<데이터기준일자>2018-11-01</데이터기준일자>
</Row>
<Row>
<업소명>금데기식당</업소명>
<소재지>제주특별자치도 서귀포시 표선면 표선당포로 19-5</소재지>
<위도>33.3263531</위도>
<경도>126.8441227</경도>
<전화번호>064-787-1575</전화번호>
<업태>일식</업태>
<주된음식>활어회</주된음식>
<행정동>표선면</행정동>
<_재_지정사항>재지정</_재_지정사항>
<데이터기준일자>2018-11-01</데이터기준일자>
</Row>
<Row>
<업소명>국수앤백사장회센터</업소명>
<소재지>제주특별자치도 서귀포시 표선면 표선당포로 19-3</소재지>
<위도>33.3262302</위도>
<경도>126.8442811</경도>
<전화번호>064-787-5630</전화번호>
<업태>일식</업태>
<주된음식>활어회</주된음식>
<행정동>표선면</행정동>
<_재_지정사항>재지정</_재_지정사항>
<데이터기준일자>2018-11-01</데이터기준일자>
</Row>
<Row>
<업소명>대우반점</업소명>
<소재지>제주특별자치도 서귀포시 표선면 표선중앙로 66</소재지>
<위도>33.3270813</위도>
<경도>126.8316509</경도>
<전화번호>064-787-2577</전화번호>
<업태>중식</업태>
<주된음식>짜장면. 짬뽕</주된음식>
<행정동>표선면</행정동>
<_재_지정사항>재지정</_재_지정사항>
<데이터기준일자>2018-11-01</데이터기준일자>
</Row>
<Row>
<업소명>다미진</업소명>
<소재지>제주특별자치도 서귀포시 표선면 민속해안로 578-1</소재지>
<위도>33.3250737</위도>
<경도>126.8441192</경도>
<전화번호>064-787-5050</전화번호>
<업태>일식</업태>
<주된음식>활어회</주된음식>
<행정동>표선면</행정동>
<_재_지정사항>재지정</_재_지정사항>
<데이터기준일자>2018-11-01</데이터기준일자>
</Row>
<Row>
<업소명>해뜸</업소명>
<소재지>제주특별자치도 서귀포시 표선면 민속해안로 584</소재지>
<위도>33.3229914</위도>
<경도>126.8248631</경도>
<전화번호>064-787-7170</전화번호>
<업태>한식</업태>
<주된음식>흑돼지구이</주된음식>
<행정동>표선면</행정동>
<_재_지정사항>재지정</_재_지정사항>
<데이터기준일자>2018-11-01</데이터기준일자>
</Row>
<Row>
<업소명>임숙현돼지주물럭</업소명>
<소재지>제주특별자치도 서귀포시 표선면 표선동서로 70</소재지>
<위도>33.3299649</위도>
<경도>126.838304</경도>
<전화번호>064-787-9155</전화번호>
<업태>한식</업태>
<주된음식>돼지주물럭</주된음식>
<행정동>표선면</행정동>
<_재_지정사항>재지정</_재_지정사항>
<데이터기준일자>2018-11-01</데이터기준일자>
</Row>
<Row>
<업소명>멋진녀석들</업소명>
<소재지>제주특별자치도 서귀포시 표선면 민속해안로 570</소재지>
<위도>33.3126457</위도>
<경도>126.8232437</경도>
<전화번호>064-787-7557</전화번호>
<업태>한식</업태>
<주된음식>흑돼지구이</주된음식>
<행정동>표선면</행정동>
<_재_지정사항>재지정</_재_지정사항>
<데이터기준일자>2018-11-01</데이터기준일자>
</Row>
<Row>
<업소명>고금삼계탕</업소명>
<소재지>제주특별자치도 서귀포시 표선면 번영로 3428번길 7</소재지>
<위도>33.3425479</위도>
<경도>126.8262043</경도>
<전화번호>064-787-6674</전화번호>
<업태>한식</업태>
<주된음식>삼계탕</주된음식>
<행정동>표선면</행정동>
<_재_지정사항>재지정</_재_지정사항>
<데이터기준일자>2018-11-01</데이터기준일자>
</Row>
<Row>
<업소명>진국옹기설렁탕</업소명>
<소재지>제주특별자치도 서귀포시 중앙로79번길 10 (서귀동)</소재지>
<위도>33.2512764</위도>
<경도>126.5603458</경도>
<전화번호>064-763-1750</전화번호>
<업태>한식</업태>
<주된음식>모듬전골. 설렁탕</주된음식>
<행정동>천지동</행정동>
<_재_지정사항>재지정</_재_지정사항>
<데이터기준일자>2018-11-01</데이터기준일자>
</Row>
<Row>
<업소명>거부한정식서귀포점</업소명>
<소재지>제주특별자치도 서귀포시 남성중로 2-3 (서홍동)</소재지>
<위도>33.2434045</위도>
<경도>126.5598021</경도>
<전화번호>064-762-4115</전화번호>
<업태>한식</업태>
<주된음식>한정식</주된음식>
<행정동>천지동</행정동>
<_재_지정사항>재지정</_재_지정사항>
<데이터기준일자>2018-11-01</데이터기준일자>
</Row>
<Row>
<업소명>천지한우촌식육식당</업소명>
<소재지>제주특별자치도 서귀포시 서문로29번길 28 (서귀동)</소재지>
<위도>33.2478572</위도>
<경도>126.5595338</경도>
<전화번호>064-733-9289</전화번호>
<업태>한식</업태>
<주된음식>한우구이</주된음식>
<행정동>천지동</행정동>
<_재_지정사항>재지정</_재_지정사항>
<데이터기준일자>2018-11-01</데이터기준일자>
</Row>
<Row>
<업소명>진주식당</업소명>
<소재지>제주특별자치도 서귀포시 태평로 353 (서귀동)</소재지>
<위도>33.2465959</위도>
<경도>126.5606779</경도>
<전화번호>064-762-5158</전화번호>
<업태>한식</업태>
<주된음식>해물뚝배기.조림</주된음식>
<행정동>천지동</행정동>
<_재_지정사항>재지정</_재_지정사항>
<데이터기준일자>2018-11-01</데이터기준일자>
</Row>
<Row>
<업소명>관촌밀면</업소명>
<소재지>제주특별자치도 서귀포시 서문로29번길 13 (서귀동)</소재지>
<위도>33.2492558</위도>
<경도>126.5594036</경도>
<전화번호>064-732-5585</전화번호>
<업태>한식</업태>
<주된음식>밀면</주된음식>
<행정동>천지동</행정동>
<_재_지정사항>재지정</_재_지정사항>
<데이터기준일자>2018-11-01</데이터기준일자>
</Row>
<Row>
<업소명>네거리식당</업소명>
<소재지>제주특별자치도 서귀포시 서문로29번길 20 (서귀동)</소재지>
<위도>33.2485206</위도>
<경도>126.559362</경도>
<전화번호>064-762-5513</전화번호>
<업태>한식</업태>
<주된음식>갈치요리</주된음식>
<행정동>천지동</행정동>
<_재_지정사항>재지정</_재_지정사항>
<데이터기준일자>2018-11-01</데이터기준일자>
</Row>
<Row>
<업소명>도새기먹는날</업소명>
<소재지>제주특별자치도 서귀포시 서문로41번길 16 (서귀동)</소재지>
<위도>33.2486867</위도>
<경도>126.5596146</경도>
<전화번호>064-733-7587</전화번호>
<업태>한식</업태>
<주된음식>흑돼지구이</주된음식>
<행정동>천지동</행정동>
<_재_지정사항>재지정</_재_지정사항>
<데이터기준일자>2018-11-01</데이터기준일자>
</Row>
<Row>
<업소명>우정회센타</업소명>
<소재지>제주특별자치도 서귀포시 중앙로54번길 32 (서귀동)</소재지>
<위도>33.2496086</위도>
<경도>126.5633187</경도>
<전화번호>064-733-8522</전화번호>
<업태>일식</업태>
<주된음식>생선회.초밥.물회</주된음식>
<행정동>중앙동</행정동>
<_재_지정사항>재지정</_재_지정사항>
<데이터기준일자>2018-11-01</데이터기준일자>
</Row>
<Row>
<업소명>독도참치</업소명>
<소재지>제주특별자치도 서귀포시 동문로 62-1 (서귀동)</소재지>
<위도>33.2491066</위도>
<경도>126.5668572</경도>
<전화번호>064-762-5656</전화번호>
<업태>일식</업태>
<주된음식>참치요리</주된음식>
<행정동>중앙동</행정동>
<_재_지정사항>재지정</_재_지정사항>
<데이터기준일자>2018-11-01</데이터기준일자>
</Row>
<Row>
<업소명>명가솥뚜껑</업소명>
<소재지>제주특별자치도 서귀포시 중앙로62번길 36 (서귀동)</소재지>
<위도>33.2513571</위도>
<경도>126.5649866</경도>
<전화번호>064-763-0844</전화번호>
<업태>한식</업태>
<주된음식>흑돼지구이</주된음식>
<행정동>중앙동</행정동>
<_재_지정사항>재지정</_재_지정사항>
<데이터기준일자>2018-11-01</데이터기준일자>
</Row>
<Row>
<업소명>다올터</업소명>
<소재지>제주특별자치도 서귀포시 동문동로 6 (서귀동)</소재지>
<위도>33.2498483</위도>
<경도>126.5674471</경도>
<전화번호>064-732-6161</전화번호>
<업태>한식</업태>
<주된음식>해장국</주된음식>
<행정동>중앙동</행정동>
<_재_지정사항>재지정</_재_지정사항>
<데이터기준일자>2018-11-01</데이터기준일자>
</Row>
<Row>
<업소명>해심갈비</업소명>
<소재지>제주특별자치도 서귀포시 천제연로 203-4 (중문동)</소재지>
<위도>33.2519011</위도>
<경도>126.4266075</경도>
<전화번호>064-738-2820</전화번호>
<업태>한식</업태>
<주된음식>흑돼지구이. 양념갈비</주된음식>
<행정동>중문동</행정동>
<_재_지정사항>재지정</_재_지정사항>
<데이터기준일자>2018-11-01</데이터기준일자>
</Row>
<Row>
<업소명>큰갯물횟집</업소명>
<소재지>제주특별자치도 서귀포시 대포로 161 (대포동)</소재지>
<위도>33.2394129</위도>
<경도>126.4382383</경도>
<전화번호>064-738-1625</전화번호>
<업태>일식</업태>
<주된음식>활어회</주된음식>
<행정동>중문동</행정동>
<_재_지정사항>재지정</_재_지정사항>
<데이터기준일자>2018-11-01</데이터기준일자>
</Row>
<Row>
<업소명>대포동산횟집</업소명>
<소재지>제주특별자치도 서귀포시 이어도로 164 (대포동)</소재지>
<위도>33.2392452</위도>
<경도>126.4393839</경도>
<전화번호>064-738-6060</전화번호>
<업태>일식</업태>
<주된음식>회정식</주된음식>
<행정동>중문동</행정동>
<_재_지정사항>재지정</_재_지정사항>
<데이터기준일자>2018-11-01</데이터기준일자>
</Row>
<Row>
<업소명>대기정</업소명>
<소재지>제주특별자치도 서귀포시 이어도로 41 (대포동)</소재지>
<위도>33.2403093</위도>
<경도>126.4286681</경도>
<전화번호>064-739-1041</전화번호>
<업태>한식</업태>
<주된음식>통갈치구이. 갈치조림</주된음식>
<행정동>중문동</행정동>
<_재_지정사항>재지정</_재_지정사항>
<데이터기준일자>2018-11-01</데이터기준일자>
</Row>
<Row>
<업소명>대포해송</업소명>
<소재지>제주특별자치도 서귀포시 이어도로 200-7 (대포동)</소재지>
<위도>33.2389485</위도>
<경도>126.442831</경도>
<전화번호>064-738-4060</전화번호>
<업태>일식</업태>
<주된음식>활어회</주된음식>
<행정동>중문동</행정동>
<_재_지정사항>재지정</_재_지정사항>
<데이터기준일자>2018-11-01</데이터기준일자>
</Row>
<Row>
<업소명>사해방</업소명>
<소재지>제주특별자치도 서귀포시 중문관광로 338 (대포동)</소재지>
<위도>33.2501856</위도>
<경도>126.4315441</경도>
<전화번호>064-738-7775</전화번호>
<업태>중식</업태>
<주된음식>짜장. 짬뽕</주된음식>
<행정동>중문동</행정동>
<_재_지정사항>재지정</_재_지정사항>
<데이터기준일자>2018-11-01</데이터기준일자>
</Row>
<Row>
<업소명>오르막가든</업소명>
<소재지>제주특별자치도 서귀포시 대포중앙로 12 (대포동)</소재지>
<위도>33.2501584</위도>
<경도>126.4332518</경도>
<전화번호>064-738-7755</전화번호>
<업태>한식</업태>
<주된음식>흑돼지구이</주된음식>
<행정동>중문동</행정동>
<_재_지정사항>재지정</_재_지정사항>
<데이터기준일자>2018-11-01</데이터기준일자>
</Row>
<Row>
<업소명>예지원</업소명>
<소재지>제주특별자치도 서귀포시 천제연로 129 (중문동)</소재지>
<위도>33.2540172</위도>
<경도>126.4193596</경도>
<전화번호>064-738-9577</전화번호>
<업태>한식</업태>
<주된음식>갈치조림. 전복뚝배기</주된음식>
<행정동>중문동</행정동>
<_재_지정사항>재지정</_재_지정사항>
<데이터기준일자>2018-11-01</데이터기준일자>
</Row>
<Row>
<업소명>덕성원본점</업소명>
<소재지>제주특별자치도 서귀포시 태평로401번길 4 (서귀동)</소재지>
<위도>33.2449505</위도>
<경도>126.5635161</경도>
<전화번호>064-762-2402</전화번호>
<업태>중식</업태>
<주된음식>탕수육. 꽃게짬뽕</주된음식>
<행정동>정방동</행정동>
<_재_지정사항>재지정</_재_지정사항>
<데이터기준일자>2018-11-01</데이터기준일자>
</Row>
<Row>
<업소명>금바우</업소명>
<소재지>제주특별자치도 서귀포시 태평로371번길 4 (서귀동)</소재지>
<위도>33.2455741</위도>
<경도>126.5611539</경도>
<전화번호>064-733-1517</전화번호>
<업태>한식</업태>
<주된음식>흑돼지구이. 갈비탕</주된음식>
<행정동>정방동</행정동>
<_재_지정사항>재지정</_재_지정사항>
<데이터기준일자>2018-11-01</데이터기준일자>
</Row>
<Row>
<업소명>쌍둥이횟집본점</업소명>
<소재지>제주특별자치도 서귀포시 중정로62번길 14 (서귀동)</소재지>
<위도>33.246589</위도>
<경도>126.5629979</경도>
<전화번호>064-762-0478</전화번호>
<업태>일식</업태>
<주된음식>활어회. 매운탕</주된음식>
<행정동>정방동</행정동>
<_재_지정사항>재지정</_재_지정사항>
<데이터기준일자>2018-11-01</데이터기준일자>
</Row>
<Row>
<업소명>수희식당</업소명>
<소재지>제주특별자치도 서귀포시 태평로 377 (서귀동)</소재지>
<위도>33.245398</위도>
<경도>126.5612867</경도>
<전화번호>064-762-0777</전화번호>
<업태>한식</업태>
<주된음식>전복뚝배기. 조림</주된음식>
<행정동>정방동</행정동>
<_재_지정사항>재지정</_재_지정사항>
<데이터기준일자>2018-11-01</데이터기준일자>
</Row>
<Row>
<업소명>만사성</업소명>
<소재지>제주특별자치도 서귀포시 소암로 37</소재지>
<위도>33.2449864</위도>
<경도>126.569682</경도>
<전화번호>064-762-3636</전화번호>
<업태>중식</업태>
<주된음식>짜장면. 짬뽕</주된음식>
<행정동>정방동</행정동>
<_재_지정사항>재지정</_재_지정사항>
<데이터기준일자>2018-11-01</데이터기준일자>
</Row>
<Row>
<업소명>신우성송도횟집</업소명>
<소재지>제주특별자치도 서귀포시 중문관광로72번길 29-9 (색달동)</소재지>
<위도>33.2496778</위도>
<경도>126.4113633</경도>
<전화번호>064- 738-3191</전화번호>
<업태>일식</업태>
<주된음식>활어회. 고등어.갈치구이</주된음식>
<행정동>예래동</행정동>
<_재_지정사항>재지정</_재_지정사항>
<데이터기준일자>2018-11-01</데이터기준일자>
</Row>
<Row>
<업소명>신라원중문점</업소명>
<소재지>제주특별자치도 서귀포시 천제연로 107 (색달동)</소재지>
<위도>33.2548767</위도>
<경도>126.4171862</경도>
<전화번호>064- 739-3395</전화번호>
<업태>한식</업태>
<주된음식>말고기. 흑돼지구이</주된음식>
<행정동>예래동</행정동>
<_재_지정사항>재지정</_재_지정사항>
<데이터기준일자>2018-11-01</데이터기준일자>
</Row>
<Row>
<업소명>덤장중문점</업소명>
<소재지>제주특별자치도 서귀포시 천제연로 17 (색달동)</소재지>
<위도>33.2576625</위도>
<경도>126.4082795</경도>
<전화번호>064- 738-2550</전화번호>
<업태>한식</업태>
<주된음식>갈치조림. 고등어조림</주된음식>
<행정동>예래동</행정동>
<_재_지정사항>재지정</_재_지정사항>
<데이터기준일자>2018-11-01</데이터기준일자>
</Row>
<Row>
<업소명>흑돼지구이집하영</업소명>
<소재지>제주특별자치도 서귀포시 천제연로 101 (색달동)</소재지>
<위도>33.2550941</위도>
<경도>126.4166328</경도>
<전화번호>064-738-6011</전화번호>
<업태>한식</업태>
<주된음식>흑돼지오겹살. 전복돌솥밥</주된음식>
<행정동>예래동</행정동>
<_재_지정사항>재지정</_재_지정사항>
<데이터기준일자>2018-11-01</데이터기준일자>
</Row>
<Row>
<업소명>착한전복</업소명>
<소재지>제주특별자치도 서귀포시 천제연로 119 (색달동)</소재지>
<위도>33.254619</위도>
<경도>126.4182628</경도>
<전화번호>064-738-8455</전화번호>
<업태>한식</업태>
<주된음식>전복코스요리</주된음식>
<행정동>예래동</행정동>
<_재_지정사항>재지정</_재_지정사항>
<데이터기준일자>2018-11-01</데이터기준일자>
</Row>
<Row>
<업소명>미향해장국 중문점</업소명>
<소재지>제주특별자치도 서귀포시 일주서로 962 (색달동)</소재지>
<위도>33.2583289</위도>
<경도>126.4080818</경도>
<전화번호>064-739-8868</전화번호>
<업태>한식</업태>
<주된음식>해장국</주된음식>
<행정동>예래동</행정동>
<_재_지정사항>재지정</_재_지정사항>
<데이터기준일자>2018-11-01</데이터기준일자>
</Row>
<Row>
<업소명>쉬는팡</업소명>
<소재지>제주특별자치도 서귀포시 상예로 244 (상예동)</소재지>
<위도>33.2777041</위도>
<경도>126.3953828</경도>
<전화번호>064-738-5833</전화번호>
<업태>한식</업태>
<주된음식>흑돼지구이. 동치미국수</주된음식>
<행정동>예래동</행정동>
<_재_지정사항>재지정</_재_지정사항>
<데이터기준일자>2018-11-01</데이터기준일자>
</Row>
<Row>
<업소명>목포고을본점</업소명>
<소재지>제주특별자치도 서귀포시 일주서로 968-5 (색달동)</소재지>
<위도>33.2584159</위도>
<경도>126.4071294</경도>
<전화번호>064-738-5551</전화번호>
<업태>한식</업태>
<주된음식>흑돼지구이. 김치찌개</주된음식>
<행정동>예래동</행정동>
<_재_지정사항>재지정</_재_지정사항>
<데이터기준일자>2018-11-01</데이터기준일자>
</Row>
<Row>
<업소명>황토기와집</업소명>
<소재지>제주특별자치도 서귀포시 일주서로 1102 (상예동)</소재지>
<위도>33.2638597</위도>
<경도>126.3953564</경도>
<전화번호>064-739-0575</전화번호>
<업태>한식</업태>
<주된음식>옹심이손칼국수. 파전</주된음식>
<행정동>예래동</행정동>
<_재_지정사항>재지정</_재_지정사항>
<데이터기준일자>2018-11-01</데이터기준일자>
</Row>
<Row>
<업소명>이드레국수</업소명>
<소재지>제주특별자치도 서귀포시 천제연로 93 (색달동)</소재지>
<위도>33.2552657</위도>
<경도>126.4157369</경도>
<전화번호>064-738-8777</전화번호>
<업태>한식</업태>
<주된음식>고기국수.돔베고기</주된음식>
<행정동>예래동</행정동>
<_재_지정사항>재지정</_재_지정사항>
<데이터기준일자>2018-11-01</데이터기준일자>
</Row>
<Row>
<업소명>삼미흑돼지</업소명>
<소재지>제주특별자치도 서귀포시 색달중앙로 33</소재지>
<위도>33.2718999</위도>
<경도>126.4130358</경도>
<전화번호>064-739-9392</전화번호>
<업태>한식</업태>
<주된음식>흑돼지구이. 갈비탕</주된음식>
<행정동>예래동</행정동>
<_재_지정사항>재지정</_재_지정사항>
<데이터기준일자>2018-11-01</데이터기준일자>
</Row>
<Row>
<업소명>약촌삼계탕</업소명>
<소재지>제주특별자치도 서귀포시 중산간동로 7750 (토평동)</소재지>
<위도>33.268092</위도>
<경도>126.5879128</경도>
<전화번호>064- 733-5377</전화번호>
<업태>한식</업태>
<주된음식>삼계탕</주된음식>
<행정동>영천동</행정동>
<_재_지정사항>재지정</_재_지정사항>
<데이터기준일자>2018-11-01</데이터기준일자>
</Row>
<Row>
<업소명>흑한우명품관</업소명>
<소재지>제주특별자치도 서귀포시 일주동로 8421 (토평동)</소재지>
<위도>33.2572426</위도>
<경도>126.5885177</경도>
<전화번호>064-732-1486</전화번호>
<업태>한식</업태>
<주된음식>소고기모둠구이</주된음식>
<행정동>영천동</행정동>
<_재_지정사항>재지정</_재_지정사항>
<데이터기준일자>2018-11-01</데이터기준일자>
</Row>
<Row>
<업소명>서귀포차이나타운</업소명>
<소재지>제주특별자치도 서귀포시 동홍로 332 (토평동)</소재지>
<위도>33.2770021</위도>
<경도>126.566832</경도>
<전화번호>064-733-2111</전화번호>
<업태>중식</업태>
<주된음식>중화요리</주된음식>
<행정동>영천동</행정동>
<_재_지정사항>재지정</_재_지정사항>
<데이터기준일자>2018-11-01</데이터기준일자>
</Row>
<Row>
<업소명>서귀포흑돈</업소명>
<소재지>제주특별자치도 서귀포시 칠십리로 278 (토평동)</소재지>
<위도>33.2458603</위도>
<경도>126.5913123</경도>
<전화번호>064-767-9718</전화번호>
<업태>한식</업태>
<주된음식>흑돼지구이</주된음식>
<행정동>영천동</행정동>
<_재_지정사항>재지정</_재_지정사항>
<데이터기준일자>2018-11-01</데이터기준일자>
</Row>
<Row>
<업소명>까망돼지서귀포점</업소명>
<소재지>제주특별자치도 서귀포시 일주동로 8524</소재지>
<위도>33.2551463</위도>
<경도>126.5775949</경도>
<전화번호>064-732-6542</전화번호>
<업태>한식</업태>
<주된음식>흑돼지구이</주된음식>
<행정동>영천동</행정동>
<_재_지정사항>재지정</_재_지정사항>
<데이터기준일자>2018-11-01</데이터기준일자>
</Row>
<Row>
<업소명>진미명가식당</업소명>
<소재지>제주특별자치도 서귀포시 안덕면 사계남로 167</소재지>
<위도>33.2283602</위도>
<경도>126.3076807</경도>
<전화번호>064-794-3639</전화번호>
<업태>일식</업태>
<주된음식>활어회</주된음식>
<행정동>안덕면</행정동>
<_재_지정사항>재지정</_재_지정사항>
<데이터기준일자>2018-11-01</데이터기준일자>
</Row>
<Row>
<업소명>남경미락</업소명>
<소재지>제주특별자치도 서귀포시 안덕면 사계남로 190-7</소재지>
<위도>33.2302184</위도>
<경도>126.3089494</경도>
<전화번호>064-794-0055</전화번호>
<업태>일식</업태>
<주된음식>활어회</주된음식>
<행정동>안덕면</행정동>
<_재_지정사항>재지정</_재_지정사항>
<데이터기준일자>2018-11-01</데이터기준일자>
</Row>
<Row>
<업소명>산방산초가집</업소명>
<소재지>제주특별자치도 서귀포시 안덕면 화순해안로 189</소재지>
<위도>33.2455947</위도>
<경도>126.3387238</경도>
<전화번호>064-792-0688</전화번호>
<업태>한식</업태>
<주된음식>해물전골</주된음식>
<행정동>안덕면</행정동>
<_재_지정사항>재지정</_재_지정사항>
<데이터기준일자>2018-11-01</데이터기준일자>
</Row>
<Row>
<업소명>만복해물탕</업소명>
<소재지>제주특별자치도 서귀포시 안덕면 산방로 53</소재지>
<위도>33.2434627</위도>
<경도>126.3270381</경도>
<전화번호>064-794-0015</전화번호>
<업태>일식</업태>
<주된음식>활어회</주된음식>
<행정동>안덕면</행정동>
<_재_지정사항>재지정</_재_지정사항>
<데이터기준일자>2018-11-01</데이터기준일자>
</Row>
<Row>
<업소명>만복흑돼지</업소명>
<소재지>제주특별자치도 서귀포시 안덕면 산방로 53</소재지>
<위도>33.2434627</위도>
<경도>126.3270381</경도>
<전화번호>064-792-0095</전화번호>
<업태>한식</업태>
<주된음식>흑돼지구이</주된음식>
<행정동>안덕면</행정동>
<_재_지정사항>재지정</_재_지정사항>
<데이터기준일자>2018-11-01</데이터기준일자>
</Row>
<Row>
<업소명>춘심이네</업소명>
<소재지>제주특별자치도 서귀포시 안덕면 창천중앙로24번길 16</소재지>
<위도>33.2647393</위도>
<경도>126.3705871</경도>
<전화번호>064-794-4010</전화번호>
<업태>한식</업태>
<주된음식>통갈치구이</주된음식>
<행정동>안덕면</행정동>
<_재_지정사항>재지정</_재_지정사항>
<데이터기준일자>2018-11-01</데이터기준일자>
</Row>
<Row>
<업소명>신옛촌</업소명>
<소재지>제주특별자치도 서귀포시 안덕면 사계로 187-6</소재지>
<위도>33.2331246</위도>
<경도>126.3088085</경도>
<전화번호>064-794-1688</전화번호>
<업태>한식</업태>
<주된음식>갈치조림</주된음식>
<행정동>안덕면</행정동>
<_재_지정사항>재지정</_재_지정사항>
<데이터기준일자>2018-11-01</데이터기준일자>
</Row>
<Row>
<업소명>영빈횟집</업소명>
<소재지>제주특별자치도 서귀포시 칠십리로 129 (서귀동)</소재지>
<위도>33.2432869</위도>
<경도>126.5679629</경도>
<전화번호>064-732-3488</전화번호>
<업태>일식</업태>
<주된음식>활어회</주된음식>
<행정동>송산동</행정동>
<_재_지정사항>재지정</_재_지정사항>
<데이터기준일자>2018-11-01</데이터기준일자>
</Row>
<Row>
<업소명>제주해풍횟집</업소명>
<소재지>제주특별자치도 서귀포시 칠십리로 41 (서귀동)</소재지>
<위도>33.2410335</위도>
<경도>126.5617669</경도>
<전화번호>064-763-1008</전화번호>
<업태>일식</업태>
<주된음식>활어회</주된음식>
<행정동>송산동</행정동>
<_재_지정사항>재지정</_재_지정사항>
<데이터기준일자>2018-11-01</데이터기준일자>
</Row>
<Row>
<업소명>동해미락</업소명>
<소재지>제주특별자치도 서귀포시 칠십리로 133 (서귀동)</소재지>
<위도>33.2436722</위도>
<경도>126.5683032</경도>
<전화번호>064-733-5921</전화번호>
<업태>일식</업태>
<주된음식>활어회</주된음식>
<행정동>송산동</행정동>
<_재_지정사항>재지정</_재_지정사항>
<데이터기준일자>2018-11-01</데이터기준일자>
</Row>
<Row>
<업소명>죽림횟집</업소명>
<소재지>제주특별자치도 서귀포시 솔동산로 5-1 (서귀동)</소재지>
<위도>33.244185</위도>
<경도>126.5645362</경도>
<전화번호>064-733-7688</전화번호>
<업태>일식</업태>
<주된음식>활어회</주된음식>
<행정동>송산동</행정동>
<_재_지정사항>재지정</_재_지정사항>
<데이터기준일자>2018-11-01</데이터기준일자>
</Row>
<Row>
<업소명>선영횟집</업소명>
<소재지>제주특별자치도 서귀포시 칠십리로 61-1</소재지>
<위도>33.2399882</위도>
<경도>126.562989</경도>
<전화번호>064-762-4666</전화번호>
<업태>일식</업태>
<주된음식>활어회</주된음식>
<행정동>송산동</행정동>
<_재_지정사항>재지정</_재_지정사항>
<데이터기준일자>2018-11-01</데이터기준일자>
</Row>
<Row>
<업소명>보물섬횟집</업소명>
<소재지>제주특별자치도 서귀포시 칠십리로 105 (서귀동)</소재지>
<위도>33.2417636</위도>
<경도>126.5664341</경도>
<전화번호>064-732-0009</전화번호>
<업태>일식</업태>
<주된음식>활어회</주된음식>
<행정동>송산동</행정동>
<_재_지정사항>재지정</_재_지정사항>
<데이터기준일자>2018-11-01</데이터기준일자>
</Row>
<Row>
<업소명>김영희동태탕&amp;코다리냉면서귀포점</업소명>
<소재지>제주특별자치도 서귀포시 부두로 49 (서귀동)</소재지>
<위도>33.2405659</위도>
<경도>126.564767</경도>
<전화번호>064-733-4888</전화번호>
<업태>한식</업태>
<주된음식>동태탕. 코다리냉면</주된음식>
<행정동>송산동</행정동>
<_재_지정사항>재지정</_재_지정사항>
<데이터기준일자>2018-11-01</데이터기준일자>
</Row>
<Row>
<업소명>새만부정</업소명>
<소재지>제주특별자치도 서귀포시 칠십리로 135 (서귀동)</소재지>
<위도>33.2437362</위도>
<경도>126.5684642</경도>
<전화번호>064- 733-7750</전화번호>
<업태>한식</업태>
<주된음식>복어요리</주된음식>
<행정동>송산동</행정동>
<_재_지정사항>재지정</_재_지정사항>
<데이터기준일자>2018-11-01</데이터기준일자>
</Row>
<Row>
<업소명>해촌</업소명>
<소재지>제주특별자치도 서귀포시 성산읍 일출로 220</소재지>
<위도>33.4592266</위도>
<경도>126.9300635</경도>
<전화번호>064-784-8001</전화번호>
<업태>일식</업태>
<주된음식>해물뚝배기</주된음식>
<행정동>성산읍</행정동>
<_재_지정사항>재지정</_재_지정사항>
<데이터기준일자>2018-11-01</데이터기준일자>
</Row>
<Row>
<업소명>오조해녀의 집</업소명>
<소재지>제주특별자치도 서귀포시 성산읍 한도로 141-13</소재지>
<위도>33.4698069</위도>
<경도>126.9223318</경도>
<전화번호>064-784-0893</전화번호>
<업태>한식</업태>
<주된음식>전복죽</주된음식>
<행정동>성산읍</행정동>
<_재_지정사항>재지정</_재_지정사항>
<데이터기준일자>2018-11-01</데이터기준일자>
</Row>
<Row>
<업소명>전망좋은집</업소명>
<소재지>제주특별자치도 서귀포시 성산읍 일출로 248</소재지>
<위도>33.4606616</위도>
<경도>126.9325264</경도>
<전화번호>064-784-1568</전화번호>
<업태>한식</업태>
<주된음식>해물전골</주된음식>
<행정동>성산읍</행정동>
<_재_지정사항>재지정</_재_지정사항>
<데이터기준일자>2018-11-01</데이터기준일자>
</Row>
<Row>
<업소명>삼수정식당</업소명>
<소재지>제주특별자치도 서귀포시 성산읍 동류암로 45</소재지>
<위도>33.448636</위도>
<경도>126.9157338</경도>
<전화번호>064-782-2146</전화번호>
<업태>한식</업태>
<주된음식>소갈비</주된음식>
<행정동>성산읍</행정동>
<_재_지정사항>재지정</_재_지정사항>
<데이터기준일자>2018-11-01</데이터기준일자>
</Row>
<Row>
<업소명>바다풍경</업소명>
<소재지>제주특별자치도 서귀포시 성산읍 일출로288번길 17</소재지>
<위도>33.4647124</위도>
<경도>126.9358557</경도>
<전화번호>064-784-9779</전화번호>
<업태>일식</업태>
<주된음식>해물뚝배기</주된음식>
<행정동>성산읍</행정동>
<_재_지정사항>재지정</_재_지정사항>
<데이터기준일자>2018-11-01</데이터기준일자>
</Row>
<Row>
<업소명>제주뚝배기</업소명>
<소재지>제주특별자치도 서귀포시 성산읍 일출로 255</소재지>
<위도>33.4611374</위도>
<경도>126.9330294</경도>
<전화번호>064-782-1089</전화번호>
<업태>한식</업태>
<주된음식>해물뚝배기</주된음식>
<행정동>성산읍</행정동>
<_재_지정사항>재지정</_재_지정사항>
<데이터기준일자>2018-11-01</데이터기준일자>
</Row>
<Row>
<업소명>돌하르방뚝배기식당</업소명>
<소재지>제주특별자치도 서귀포시 성산읍 일출로 264</소재지>
<위도>33.4611919</위도>
<경도>126.9339076</경도>
<전화번호>064-784-6888</전화번호>
<업태>한식</업태>
<주된음식>뚝배기</주된음식>
<행정동>성산읍</행정동>
<_재_지정사항>재지정</_재_지정사항>
<데이터기준일자>2018-11-01</데이터기준일자>
</Row>
<Row>
<업소명>만조이천쌀밥</업소명>
<소재지>제주특별자치도 서귀포시 성산읍 성산중앙로 5</소재지>
<위도>33.4609007</위도>
<경도>126.9311907</경도>
<전화번호>064-784-9794</전화번호>
<업태>한식</업태>
<주된음식>정식</주된음식>
<행정동>성산읍</행정동>
<_재_지정사항>재지정</_재_지정사항>
<데이터기준일자>2018-11-01</데이터기준일자>
</Row>
<Row>
<업소명>제주해룡</업소명>
<소재지>제주특별자치도 서귀포시 성산읍 서성일로 753</소재지>
<위도>33.4268965</위도>
<경도>126.8647243</경도>
<전화번호>064-784-8849</전화번호>
<업태>한식</업태>
<주된음식>고등어조림</주된음식>
<행정동>성산읍</행정동>
<_재_지정사항>재지정</_재_지정사항>
<데이터기준일자>2018-11-01</데이터기준일자>
</Row>
<Row>
<업소명>섭지골</업소명>
<소재지>제주특별자치도 서귀포시 성산읍 신양로 107</소재지>
<위도>33.4368727</위도>
<경도>126.9213518</경도>
<전화번호>064-784-0014</전화번호>
<업태>한식</업태>
<주된음식>흑돼지구이</주된음식>
<행정동>성산읍</행정동>
<_재_지정사항>재지정</_재_지정사항>
<데이터기준일자>2018-11-01</데이터기준일자>
</Row>
<Row>
<업소명>해마루</업소명>
<소재지>제주특별자치도 서귀포시 성산읍 일출로 84</소재지>
<위도>33.4498058</위도>
<경도>126.9211255</경도>
<전화번호>064-782-1150</전화번호>
<업태>한식</업태>
<주된음식>통갈치요리</주된음식>
<행정동>성산읍</행정동>
<_재_지정사항>재지정</_재_지정사항>
<데이터기준일자>2018-11-01</데이터기준일자>
</Row>
<Row>
<업소명>제주고가네</업소명>
<소재지>제주특별자치도 서귀포시 성산읍 성산중앙로19번길 14</소재지>
<위도>33.4627317</위도>
<경도>126.9313694</경도>
<전화번호>064-784-5559</전화번호>
<업태>한식</업태>
<주된음식>갈치조림</주된음식>
<행정동>성산읍</행정동>
<_재_지정사항>재지정</_재_지정사항>
<데이터기준일자>2018-11-01</데이터기준일자>
</Row>
<Row>
<업소명>성산포 황금어장</업소명>
<소재지>제주특별자치도 서귀포시 성산읍 성산리 135 - 2</소재지>
<위도>33.4618899</위도>
<경도>126.9343422</경도>
<전화번호>064-783-6684</전화번호>
<업태>한식</업태>
<주된음식>뚝배기</주된음식>
<행정동>성산읍</행정동>
<_재_지정사항>재지정</_재_지정사항>
<데이터기준일자>2018-11-01</데이터기준일자>
</Row>
<Row>
<업소명>아침바다</업소명>
<소재지>제주특별자치도 서귀포시 성산읍 일출로 253</소재지>
<위도>33.4610956</위도>
<경도>126.9328772</경도>
<전화번호>064-782-7501</전화번호>
<업태>한식</업태>
<주된음식>뚝배기</주된음식>
<행정동>성산읍</행정동>
<_재_지정사항>재지정</_재_지정사항>
<데이터기준일자>2018-11-01</데이터기준일자>
</Row>
<Row>
<업소명>해월향</업소명>
<소재지>제주특별자치도 서귀포시 성산읍 고성오조로 33</소재지>
<위도>33.4469666</위도>
<경도>126.9144446</경도>
<전화번호>064-784-4080</전화번호>
<업태>한식</업태>
<주된음식>흑돼지구이</주된음식>
<행정동>성산읍</행정동>
<_재_지정사항>재지정</_재_지정사항>
<데이터기준일자>2018-11-01</데이터기준일자>
</Row>
<Row>
<업소명>괸당네식당</업소명>
<소재지>제주특별자치도 서귀포시 성산읍 독자봉로 2</소재지>
<위도>33.3832449</위도>
<경도>126.8768829</경도>
<전화번호>064-787-1055</전화번호>
<업태>한식</업태>
<주된음식>돼지불고기</주된음식>
<행정동>성산읍</행정동>
<_재_지정사항>재지정</_재_지정사항>
<데이터기준일자>2018-11-01</데이터기준일자>
</Row>
<Row>
<업소명>옛날옛적</업소명>
<소재지>제주특별자치도 서귀포시 성산읍 일주동로 4660</소재지>
<위도>33.4143696</위도>
<경도>126.8999778</경도>
<전화번호>064-784-2252</전화번호>
<업태>한식</업태>
<주된음식>한정식</주된음식>
<행정동>성산읍</행정동>
<_재_지정사항>재지정</_재_지정사항>
<데이터기준일자>2018-11-01</데이터기준일자>
</Row>
<Row>
<업소명>모다정</업소명>
<소재지>제주특별자치도 서귀포시 성산읍 성산중앙로37번길 9</소재지>
<위도>33.4636754</위도>
<경도>126.9323862</경도>
<전화번호>064-782-1805</전화번호>
<업태>한식</업태>
<주된음식>갈치조림</주된음식>
<행정동>성산읍</행정동>
<_재_지정사항>재지정</_재_지정사항>
<데이터기준일자>2018-11-01</데이터기준일자>
</Row>
<Row>
<업소명>오름에바당</업소명>
<소재지>제주특별자치도 서귀포시 성산읍 한도로 90</소재지>
<위도>33.4684815</위도>
<경도>126.9171916</경도>
<전화번호>064-783-7657</전화번호>
<업태>한식</업태>
<주된음식>정식</주된음식>
<행정동>성산읍</행정동>
<_재_지정사항>재지정</_재_지정사항>
<데이터기준일자>2018-11-01</데이터기준일자>
</Row>
<Row>
<업소명>미향해장국성산점</업소명>
<소재지>제주특별자치도 서귀포시 성산읍 일출로 9</소재지>
<위도>33.4475323</위도>
<경도>126.9137664</경도>
<전화번호>064-784-9994</전화번호>
<업태>한식</업태>
<주된음식>선지해장국</주된음식>
<행정동>성산읍</행정동>
<_재_지정사항>재지정</_재_지정사항>
<데이터기준일자>2018-11-01</데이터기준일자>
</Row>
<Row>
<업소명>꽃가람</업소명>
<소재지>제주특별자치도 서귀포시 성산읍 고성동서로 73</소재지>
<위도>33.4509234</위도>
<경도>126.9150116</경도>
<전화번호>064-783-3939</전화번호>
<업태>한식</업태>
<주된음식>돼지국밥</주된음식>
<행정동>성산읍</행정동>
<_재_지정사항>재지정</_재_지정사항>
<데이터기준일자>2018-11-01</데이터기준일자>
</Row>
<Row>
<업소명>백록</업소명>
<소재지>제주특별자치도 서귀포시 성산읍 섭지코지로 25번길 12</소재지>
<위도>33.4494963</위도>
<경도>126.920717</경도>
<전화번호>064-782-8002</전화번호>
<업태>일식</업태>
<주된음식>활어회</주된음식>
<행정동>성산읍</행정동>
<_재_지정사항>재지정</_재_지정사항>
<데이터기준일자>2018-11-01</데이터기준일자>
</Row>
<Row>
<업소명>티라한식당</업소명>
<소재지>제주특별자치도 서귀포시 성산읍 섭지코지로 25번길 41</소재지>
<위도>33.4493736</위도>
<경도>126.9207077</경도>
<전화번호>064-786-5382</전화번호>
<업태>한식</업태>
<주된음식>정식</주된음식>
<행정동>성산읍</행정동>
<_재_지정사항>재지정</_재_지정사항>
<데이터기준일자>2018-11-01</데이터기준일자>
</Row>
<Row>
<업소명>흑돗</업소명>
<소재지>제주특별자치도 서귀포시 성산읍 신양로 69</소재지>
<위도>33.4359606</위도>
<경도>126.9162583</경도>
<전화번호>064-782-9275</전화번호>
<업태>한식</업태>
<주된음식>흑돼지구이</주된음식>
<행정동>성산읍</행정동>
<_재_지정사항>재지정</_재_지정사항>
<데이터기준일자>2018-11-01</데이터기준일자>
</Row>
<Row>
<업소명>황실가든</업소명>
<소재지>제주특별자치도 서귀포시 중앙로 213 (서홍동)</소재지>
<위도>33.2635209</위도>
<경도>126.5586145</경도>
<전화번호>064-733-7330</전화번호>
<업태>한식</업태>
<주된음식>흑돼지구이.쌈밥</주된음식>
<행정동>서홍동</행정동>
<_재_지정사항>재지정</_재_지정사항>
<데이터기준일자>2018-11-01</데이터기준일자>
</Row>
<Row>
<업소명>금강민물장어</업소명>
<소재지>제주특별자치도 서귀포시 일주동로 8597 (동홍동)</소재지>
<위도>33.2542918</위도>
<경도>126.5695218</경도>
<전화번호>064-733-2119</전화번호>
<업태>한식</업태>
<주된음식>민물장어구이</주된음식>
<행정동>동홍동</행정동>
<_재_지정사항>재지정</_재_지정사항>
<데이터기준일자>2018-11-01</데이터기준일자>
</Row>
<Row>
<업소명>풍차맛집</업소명>
<소재지>제주특별자치도 서귀포시 칠십리로 203 (동홍동)</소재지>
<위도>33.2469975</위도>
<경도>126.5745165</경도>
<전화번호>064-732-6999</전화번호>
<업태>한식</업태>
<주된음식>닭해물탕. 해물탕</주된음식>
<행정동>동홍동</행정동>
<_재_지정사항>재지정</_재_지정사항>
<데이터기준일자>2018-11-01</데이터기준일자>
</Row>
<Row>
<업소명>서귀포갈비</업소명>
<소재지>제주특별자치도 서귀포시 동홍로 42 (동홍동)</소재지>
<위도>33.2523729</위도>
<경도>126.5680111</경도>
<전화번호>064-762-7549</전화번호>
<업태>한식</업태>
<주된음식>양념갈비. 냉면</주된음식>
<행정동>동홍동</행정동>
<_재_지정사항>재지정</_재_지정사항>
<데이터기준일자>2018-11-01</데이터기준일자>
</Row>
<Row>
<업소명>제주손칼국수냉면전문점</업소명>
<소재지>제주특별자치도 서귀포시 일주동로 8599 (동홍동)</소재지>
<위도>33.2544</위도>
<경도>126.5694385</경도>
<전화번호>064-763-3331</전화번호>
<업태>한식</업태>
<주된음식>칼국수. 흑돼지구이</주된음식>
<행정동>동홍동</행정동>
<_재_지정사항>재지정</_재_지정사항>
<데이터기준일자>2018-11-01</데이터기준일자>
</Row>
<Row>
<업소명>조마루뼈다귀서귀포점</업소명>
<소재지>제주특별자치도 서귀포시 동홍동로 13. 1층 (동홍동)</소재지>
<위도>33.2549348</위도>
<경도>126.5712993</경도>
<전화번호>064-763-4417</전화번호>
<업태>한식</업태>
<주된음식>뼈다귀해장국</주된음식>
<행정동>동홍동</행정동>
<_재_지정사항>재지정</_재_지정사항>
<데이터기준일자>2018-11-01</데이터기준일자>
</Row>
<Row>
<업소명>금상첨화</업소명>
<소재지>제주특별자치도 서귀포시 동홍서로112번길 4-16 (동홍동)</소재지>
<위도>33.2585557</위도>
<경도>126.5712638</경도>
<전화번호>064-762-5292</전화번호>
<업태>한식</업태>
<주된음식>오리모듬세트. 생주물럭</주된음식>
<행정동>동홍동</행정동>
<_재_지정사항>재지정</_재_지정사항>
<데이터기준일자>2018-11-01</데이터기준일자>
</Row>
<Row>
<업소명>서귀포바당물회</업소명>
<소재지>제주특별자치도 서귀포시 태평로512번길 1-4</소재지>
<위도>33.2505549</위도>
<경도>126.5727622</경도>
<전화번호>064-762-8998</전화번호>
<업태>한식</업태>
<주된음식>물회. 회정식</주된음식>
<행정동>동홍동</행정동>
<_재_지정사항>재지정</_재_지정사항>
<데이터기준일자>2018-11-01</데이터기준일자>
</Row>
<Row>
<업소명>서귀포왕돌판구이</업소명>
<소재지>제주특별자치도 서귀포시 태평로512번길 1-4</소재지>
<위도>33.2505549</위도>
<경도>126.5727622</경도>
<전화번호>064-733-1777</전화번호>
<업태>한식</업태>
<주된음식>항정살. 삼겹살구이</주된음식>
<행정동>동홍동</행정동>
<_재_지정사항>재지정</_재_지정사항>
<데이터기준일자>2018-11-01</데이터기준일자>
</Row>
<Row>
<업소명>화끈한갈매기</업소명>
<소재지>제주특별자치도 서귀포시 중앙로 150번길 4-1</소재지>
<위도>33.2586063</위도>
<경도>126.5620424</경도>
<전화번호>064-763-9292</전화번호>
<업태>한식</업태>
<주된음식>갈매기살. 소갈비살</주된음식>
<행정동>동홍동</행정동>
<_재_지정사항>재지정</_재_지정사항>
<데이터기준일자>2018-11-01</데이터기준일자>
</Row>
<Row>
<업소명>강정장원식당</업소명>
<소재지>제주특별자치도 서귀포시 강정동 2787 - 5</소재지>
<위도>33.2615636</위도>
<경도>126.49447</경도>
<전화번호>064-739-9828</전화번호>
<업태>한식</업태>
<주된음식>해물전골. 흑돼지구이</주된음식>
<행정동>대천동</행정동>
<_재_지정사항>재지정</_재_지정사항>
<데이터기준일자>2018-11-01</데이터기준일자>
</Row>
<Row>
<업소명>다금바리횟집</업소명>
<소재지>제주특별자치도 서귀포시 대청로 24 2층</소재지>
<위도>33.2541205</위도>
<경도>126.560076</경도>
<전화번호>064-739-1900</전화번호>
<업태>일식</업태>
<주된음식>활어회. 매운탕</주된음식>
<행정동>대천동</행정동>
<_재_지정사항>재지정</_재_지정사항>
<데이터기준일자>2018-11-01</데이터기준일자>
</Row>
<Row>
<업소명>산방식당</업소명>
<소재지>제주특별자치도 서귀포시 대정읍 하모이삼로 62</소재지>
<위도>33.223395</위도>
<경도>126.2543017</경도>
<전화번호>064-794-2165</전화번호>
<업태>한식</업태>
<주된음식>밀냉면</주된음식>
<행정동>대정읍</행정동>
<_재_지정사항>재지정</_재_지정사항>
<데이터기준일자>2018-11-01</데이터기준일자>
</Row>
<Row>
<업소명>부두식당</업소명>
<소재지>제주특별자치도 서귀포시 대정읍 하모항구로 62</소재지>
<위도>33.2187678</위도>
<경도>126.2511222</경도>
<전화번호>064-794-1223</전화번호>
<업태>한식</업태>
<주된음식>대방어회. 갈치조림</주된음식>
<행정동>대정읍</행정동>
<_재_지정사항>재지정</_재_지정사항>
<데이터기준일자>2018-11-01</데이터기준일자>
</Row>
<Row>
<업소명>옥돔식당</업소명>
<소재지>제주특별자치도 서귀포시 대정읍 신영로36번길 62</소재지>
<위도>33.2199418</위도>
<경도>126.2490877</경도>
<전화번호>064-794-8833</전화번호>
<업태>한식</업태>
<주된음식>보말국. 보말칼국수</주된음식>
<행정동>대정읍</행정동>
<_재_지정사항>재지정</_재_지정사항>
<데이터기준일자>2018-11-01</데이터기준일자>
</Row>
<Row>
<업소명>풍천민물장어</업소명>
<소재지>제주특별자치도 서귀포시 대정읍 최남단해안로 37</소재지>
<위도>33.2172336</위도>
<경도>126.2526168</경도>
<전화번호>064-792-8434</전화번호>
<업태>한식</업태>
<주된음식>장어구이</주된음식>
<행정동>대정읍</행정동>
<_재_지정사항>재지정</_재_지정사항>
<데이터기준일자>2018-11-01</데이터기준일자>
</Row>
<Row>
<업소명>상호네숯불갈비</업소명>
<소재지>제주특별자치도 서귀포시 대정읍 하모이삼로 55</소재지>
<위도>33.2236858</위도>
<경도>126.2535655</경도>
<전화번호>064-794-6242</전화번호>
<업태>한식</업태>
<주된음식>돼지갈비.돌솥밥정식</주된음식>
<행정동>대정읍</행정동>
<_재_지정사항>재지정</_재_지정사항>
<데이터기준일자>2018-11-01</데이터기준일자>
</Row>
<Row>
<업소명>최남단식당</업소명>
<소재지>제주특별자치도 서귀포시 대정읍 최남단해안로 40</소재지>
<위도>33.2169105</위도>
<경도>126.252206</경도>
<전화번호>064-794-9191</전화번호>
<업태>일식</업태>
<주된음식>생선회.조림류</주된음식>
<행정동>대정읍</행정동>
<_재_지정사항>재지정</_재_지정사항>
<데이터기준일자>2018-11-01</데이터기준일자>
</Row>
<Row>
<업소명>올랭이와물꾸럭</업소명>
<소재지>제주특별자치도 서귀포시 대정읍 신영로 93-5</소재지>
<위도>33.2210562</위도>
<경도>126.2529388</경도>
<전화번호>064-794-5022</전화번호>
<업태>한식</업태>
<주된음식>오리문어전골</주된음식>
<행정동>대정읍</행정동>
<_재_지정사항>재지정</_재_지정사항>
<데이터기준일자>2018-11-01</데이터기준일자>
</Row>
<Row>
<업소명>우사미</업소명>
<소재지>제주특별자치도 서귀포시 대정읍 최남단해안로 51</소재지>
<위도>33.2159202</위도>
<경도>126.2528253</경도>
<전화번호>064-794-9933</전화번호>
<업태>일식</업태>
<주된음식>활어회</주된음식>
<행정동>대정읍</행정동>
<_재_지정사항>재지정</_재_지정사항>
<데이터기준일자>2018-11-01</데이터기준일자>
</Row>
<Row>
<업소명>신태백관</업소명>
<소재지>제주특별자치도 서귀포시 대정읍 동일하모로 196</소재지>
<위도>33.2256828</위도>
<경도>126.2520272</경도>
<전화번호>064-794-8537</전화번호>
<업태>중식</업태>
<주된음식>짬뽕.탕수육</주된음식>
<행정동>대정읍</행정동>
<_재_지정사항>재지정</_재_지정사항>
<데이터기준일자>2018-11-01</데이터기준일자>
</Row>
<Row>
<업소명>미향해장국모슬포점</업소명>
<소재지>제주특별자치도 서귀포시 대정읍 일주서로 2476</소재지>
<위도>33.2402708</위도>
<경도>126.2507128</경도>
<전화번호>064-792-8863</전화번호>
<업태>한식</업태>
<주된음식>해장국</주된음식>
<행정동>대정읍</행정동>
<_재_지정사항>재지정</_재_지정사항>
<데이터기준일자>2018-11-01</데이터기준일자>
</Row>
<Row>
<업소명>모이세해장국모슬포점</업소명>
<소재지>제주특별자치도 서귀포시 대정읍 동일하모로 201</소재지>
<위도>33.2260759</위도>
<경도>126.252796</경도>
<전화번호>064-792-5382</전화번호>
<업태>한식</업태>
<주된음식>해장국</주된음식>
<행정동>대정읍</행정동>
<_재_지정사항>재지정</_재_지정사항>
<데이터기준일자>2018-11-01</데이터기준일자>
</Row>
<Row>
<업소명>하영횟집</업소명>
<소재지>제주특별자치도 서귀포시 이어도로 1043 (서호동)</소재지>
<위도>33.2452354</위도>
<경도>126.5223527</경도>
<전화번호>064-739-8161</전화번호>
<업태>일식</업태>
<주된음식>활어회. 매운탕</주된음식>
<행정동>대륜동</행정동>
<_재_지정사항>재지정</_재_지정사항>
<데이터기준일자>2018-11-01</데이터기준일자>
</Row>
<Row>
<업소명>서귀포흑돼지명가</업소명>
<소재지>제주특별자치도 서귀포시 태평로 122 (호근동)</소재지>
<위도>33.2440549</위도>
<경도>126.5364328</경도>
<전화번호>064-738-6939</전화번호>
<업태>한식</업태>
<주된음식>흑돼지구이. 해물찜</주된음식>
<행정동>대륜동</행정동>
<_재_지정사항>재지정</_재_지정사항>
<데이터기준일자>2018-11-01</데이터기준일자>
</Row>
<Row>
<업소명>앙끄레국수</업소명>
<소재지>제주특별자치도 서귀포시 법환상로2번길 97-18 (법환동)</소재지>
<위도>33.2474435</위도>
<경도>126.5116938</경도>
<전화번호>064-739-2999</전화번호>
<업태>한식</업태>
<주된음식>고기국수. 비빔국수</주된음식>
<행정동>대륜동</행정동>
<_재_지정사항>재지정</_재_지정사항>
<데이터기준일자>2018-11-01</데이터기준일자>
</Row>
<Row>
<업소명>월드컵흑돼지</업소명>
<소재지>제주특별자치도 서귀포시 월드컵로 74 (법환동)</소재지>
<위도>33.2430676</위도>
<경도>126.5051929</경도>
<전화번호>064-738-3292</전화번호>
<업태>한식</업태>
<주된음식>흑돼지구이. 갈비탕</주된음식>
<행정동>대륜동</행정동>
<_재_지정사항>재지정</_재_지정사항>
<데이터기준일자>2018-11-01</데이터기준일자>
</Row>
<Row>
<업소명>우돈가</업소명>
<소재지>제주특별자치도 서귀포시 신서귀로 45. 1층 (법환동)</소재지>
<위도>33.2528563</위도>
<경도>126.5102317</경도>
<전화번호>064-739-9297</전화번호>
<업태>한식</업태>
<주된음식>흑돼지구이. 소고기구이</주된음식>
<행정동>대륜동</행정동>
<_재_지정사항>재지정</_재_지정사항>
<데이터기준일자>2018-11-01</데이터기준일자>
</Row>
<Row>
<업소명>한가네흑돼지.해물전골전문</업소명>
<소재지>제주특별자치도 서귀포시 서호호근로 42</소재지>
<위도>33.2616977</위도>
<경도>126.5217426</경도>
<전화번호>064-733-1188</전화번호>
<업태>한식</업태>
<주된음식>흑돼지구이</주된음식>
<행정동>대륜동</행정동>
<_재_지정사항>재지정</_재_지정사항>
<데이터기준일자>2018-11-01</데이터기준일자>
</Row>
<Row>
<업소명>브런치더썸</업소명>
<소재지>제주특별자치도 서귀포시 일주동로 8921</소재지>
<위도>33.2521893</위도>
<경도>126.5379776</경도>
<전화번호>064-738-7100</전화번호>
<업태>경양식</업태>
<주된음식>브런치. 흑돼지스테이크</주된음식>
<행정동>대륜동</행정동>
<_재_지정사항>재지정</_재_지정사항>
<데이터기준일자>2018-11-01</데이터기준일자>
</Row>
<Row>
<업소명>대게나라</업소명>
<소재지>제주특별자치도 서귀포시 신서귀로 76번길 2</소재지>
<위도>33.2563473</위도>
<경도>126.5114836</경도>
<전화번호>064-739-2797</전화번호>
<업태>한식</업태>
<주된음식>대개. 킹크랩</주된음식>
<행정동>대륜동</행정동>
<_재_지정사항>재지정</_재_지정사항>
<데이터기준일자>2018-11-01</데이터기준일자>
</Row>
<Row>
<업소명>태흥횟집</업소명>
<소재지>제주특별자치도 서귀포시 남원읍 남태해안로 435</소재지>
<위도>33.2818679</위도>
<경도>126.7461627</경도>
<전화번호>064-764-2896</전화번호>
<업태>일식</업태>
<주된음식>활어회</주된음식>
<행정동>남원읍</행정동>
<_재_지정사항>재지정</_재_지정사항>
<데이터기준일자>2018-11-01</데이터기준일자>
</Row>
<Row>
<업소명>육값하네식육가든</업소명>
<소재지>제주특별자치도 서귀포시 남원읍 남조로 141</소재지>
<위도>33.3190481</위도>
<경도>126.7087521</경도>
<전화번호>064-764-5053</전화번호>
<업태>한식</업태>
<주된음식>흑돼지구이</주된음식>
<행정동>남원읍</행정동>
<_재_지정사항>재지정</_재_지정사항>
<데이터기준일자>2018-11-01</데이터기준일자>
</Row>
<Row>
<업소명>흑염소마루</업소명>
<소재지>제주특별자치도 서귀포시 남원읍 태위로663번길 1-1</소재지>
<위도>33.2790095</위도>
<경도>126.7173335</경도>
<전화번호>064-764-6678</전화번호>
<업태>한식</업태>
<주된음식>흑염소전골</주된음식>
<행정동>남원읍</행정동>
<_재_지정사항>재지정</_재_지정사항>
<데이터기준일자>2018-11-01</데이터기준일자>
</Row>
<Row>
<업소명>남원골포구랑</업소명>
<소재지>제주특별자치도 서귀포시 남원읍 남원회관로 46</소재지>
<위도>33.2781148</위도>
<경도>126.7179244</경도>
<전화번호>064-764-5954</전화번호>
<업태>일식</업태>
<주된음식>활어회</주된음식>
<행정동>남원읍</행정동>
<_재_지정사항>재지정</_재_지정사항>
<데이터기준일자>2018-11-01</데이터기준일자>
</Row>
<Row>
<업소명>팔도강산성읍1리복지타운</업소명>
<소재지>제주특별자치도 서귀포시 표선면 서성일로 74</소재지>
<위도>33.3986584</위도>
<경도>126.8026919</경도>
<전화번호>064-787-1088</전화번호>
<업태>한식</업태>
<주된음식>돼지불고기</주된음식>
<행정동>표선면</행정동>
<_재_지정사항>지정(신규)</_재_지정사항>
<데이터기준일자>2018-11-01</데이터기준일자>
</Row>
<Row>
<업소명>표선일번회센타</업소명>
<소재지>제주특별자치도 서귀포시 표선면 표선중앙로 103</소재지>
<위도>33.3259793</위도>
<경도>126.834993</경도>
<전화번호>064-787-7277</전화번호>
<업태>일식</업태>
<주된음식>활어회</주된음식>
<행정동>표선면</행정동>
<_재_지정사항>지정(신규)</_재_지정사항>
<데이터기준일자>2018-11-01</데이터기준일자>
</Row>
<Row>
<업소명>대포어촌횟집</업소명>
<소재지>제주특별자치도 서귀포시 이어도로 75</소재지>
<위도>33.2386429</위도>
<경도>126.4311409</경도>
<전화번호>064-738-0560</전화번호>
<업태>일식</업태>
<주된음식>활어회.매운탕</주된음식>
<행정동>중문동</행정동>
<_재_지정사항>지정(신규)</_재_지정사항>
<데이터기준일자>2018-11-01</데이터기준일자>
</Row>
<Row>
<업소명>24시전주명가콩나물국밥</업소명>
<소재지>제주특별자치도 서귀포시 중정로62번길 4</소재지>
<위도>33.2473607</위도>
<경도>126.5629874</경도>
<전화번호>064-762-0650</전화번호>
<업태>한식</업태>
<주된음식>콩나물국밥.황태콩나물국밥</주된음식>
<행정동>정방동</행정동>
<_재_지정사항>지정(신규)</_재_지정사항>
<데이터기준일자>2018-11-01</데이터기준일자>
</Row>
<Row>
<업소명>신관식당</업소명>
<소재지>제주특별자치도 서귀포시 태평로439번길 42</소재지>
<위도>33.2465881</위도>
<경도>126.5628434</경도>
<전화번호>064-763-0479</전화번호>
<업태>일식</업태>
<주된음식>활어회.매운탕</주된음식>
<행정동>정방동</행정동>
<_재_지정사항>지정(신규)</_재_지정사항>
<데이터기준일자>2018-11-01</데이터기준일자>
</Row>
<Row>
<업소명>삼원정본점</업소명>
<소재지>제주특별자치도 서귀포시 색달중앙로 44</소재지>
<위도>33.259316</위도>
<경도>126.4138556</경도>
<전화번호>064-738-1077</전화번호>
<업태>한식</업태>
<주된음식>갈치조림</주된음식>
<행정동>예래동</행정동>
<_재_지정사항>지정(신규)</_재_지정사항>
<데이터기준일자>2018-11-01</데이터기준일자>
</Row>
<Row>
<업소명>셰프와흑돼지</업소명>
<소재지>제주특별자치도 서귀포시 안덕면 한창로110번길 62</소재지>
<위도>33.2752474</위도>
<경도>126.364145</경도>
<전화번호>064-794-7947</전화번호>
<업태>한식</업태>
<주된음식>돼지고기정식</주된음식>
<행정동>안덕면</행정동>
<_재_지정사항>지정(신규)</_재_지정사항>
<데이터기준일자>2018-11-01</데이터기준일자>
</Row>
<Row>
<업소명>서귀포걸메도야지</업소명>
<소재지>제주특별자치도 서귀포시 일주동로 8733</소재지>
<위도>33.255487</위도>
<경도>126.5686054</경도>
<전화번호>064-762-8534</전화번호>
<업태>한식</업태>
<주된음식>흑돼지구이</주된음식>
<행정동>송산동</행정동>
<_재_지정사항>지정(신규)</_재_지정사항>
<데이터기준일자>2018-11-01</데이터기준일자>
</Row>
<Row>
<업소명>성산어멍횟집</업소명>
<소재지>제주특별자치도 서귀포시 성산읍 동류암로39번길 9-2</소재지>
<위도>33.4478965</위도>
<경도>126.9160291</경도>
<전화번호>064-738-1177</전화번호>
<업태>일식</업태>
<주된음식>활어회</주된음식>
<행정동>성산읍</행정동>
<_재_지정사항>지정(신규)</_재_지정사항>
<데이터기준일자>2018-11-01</데이터기준일자>
</Row>
<Row>
<업소명>성산미소복집</업소명>
<소재지>제주특별자치도 서귀포시 성산읍 서성일로 872-6</소재지>
<위도>33.4268965</위도>
<경도>126.8647243</경도>
<전화번호>064-782-5448</전화번호>
<업태>한식</업태>
<주된음식>복요리.시래기갈치고등어조림</주된음식>
<행정동>성산읍</행정동>
<_재_지정사항>지정(신규)</_재_지정사항>
<데이터기준일자>2018-11-01</데이터기준일자>
</Row>
<Row>
<업소명>해왓</업소명>
<소재지>제주특별자치도 서귀포시 성산읍 신고로 30-1</소재지>
<위도>33.43851</위도>
<경도>126.9171019</경도>
<전화번호>064-782-5689</전화번호>
<업태>한식</업태>
<주된음식>고등어조림</주된음식>
<행정동>성산읍</행정동>
<_재_지정사항>지정(신규)</_재_지정사항>
<데이터기준일자>2018-11-01</데이터기준일자>
</Row>
<Row>
<업소명>청솔나무집</업소명>
<소재지>제주특별자치도 서귀포시 성산읍 성산중앙로 25</소재지>
<위도>33.4624815</위도>
<경도>126.9321545</경도>
<전화번호>064-783-5070</전화번호>
<업태>한식</업태>
<주된음식>흑돼지구이</주된음식>
<행정동>성산읍</행정동>
<_재_지정사항>지정(신규)</_재_지정사항>
<데이터기준일자>2018-11-01</데이터기준일자>
</Row>
<Row>
<업소명>돈코복코</업소명>
<소재지>제주특별자치도 서귀포시 성산읍 일주동로 3968</소재지>
<위도>33.471809</위도>
<경도>126.901538</경도>
<전화번호>064-784-6640</전화번호>
<업태>한식</업태>
<주된음식>흑돼지구이</주된음식>
<행정동>성산읍</행정동>
<_재_지정사항>지정(신규)</_재_지정사항>
<데이터기준일자>2018-11-01</데이터기준일자>
</Row>
<Row>
<업소명>일산바지락손칼국수</업소명>
<소재지>제주특별자치도 서귀포시 성산읍 일주동로 5595</소재지>
<위도>33.344352</위도>
<경도>126.849207</경도>
<전화번호>064-787-7764</전화번호>
<업태>한식</업태>
<주된음식>바지락칼국수</주된음식>
<행정동>성산읍</행정동>
<_재_지정사항>지정(신규)</_재_지정사항>
<데이터기준일자>2018-11-01</데이터기준일자>
</Row>
<Row>
<업소명>도도한돈까스</업소명>
<소재지>제주특별자치도 서귀포시 중앙로117번길 3</소재지>
<위도>33.2550426</위도>
<경도>126.5603624</경도>
<전화번호>064-787-7277</전화번호>
<업태>경양식</업태>
<주된음식>돈까스</주된음식>
<행정동>서홍동</행정동>
<_재_지정사항>지정(신규)</_재_지정사항>
<데이터기준일자>2018-11-01</데이터기준일자>
</Row>
<Row>
<업소명>라라코스트서귀포점</업소명>
<소재지>제주특별자치도 서귀포시 일주동로 8670</소재지>
<위도>33.2537883</위도>
<경도>126.5618273</경도>
<전화번호>064-733-3231</전화번호>
<업태>경양식</업태>
<주된음식>파스타.필라프</주된음식>
<행정동>동홍동</행정동>
<_재_지정사항>지정(신규)</_재_지정사항>
<데이터기준일자>2018-11-01</데이터기준일자>
</Row>
<Row>
<업소명>풍천연가풍천장어참숯구이</업소명>
<소재지>제주특별자치도 서귀포시 중앙로 104</소재지>
<위도>33.2539954</위도>
<경도>126.5614859</경도>
<전화번호>064-733-5222</전화번호>
<업태>한식</업태>
<주된음식>장어구이. 장어덮밥</주된음식>
<행정동>동홍동</행정동>
<_재_지정사항>지정(신규)</_재_지정사항>
<데이터기준일자>2018-11-01</데이터기준일자>
</Row>
<Row>
<업소명>스시향</업소명>
<소재지>제주특별자치도 서귀포시 대정읍 대한로 33</소재지>
<위도>33.2406592</위도>
<경도>126.2451919</경도>
<전화번호>064-794-7973</전화번호>
<업태>일식</업태>
<주된음식>활어회</주된음식>
<행정동>대정읍</행정동>
<_재_지정사항>지정(신규)</_재_지정사항>
<데이터기준일자>2018-11-01</데이터기준일자>
</Row>
<Row>
<업소명>늘품흑돼지</업소명>
<소재지>제주특별자치도 서귀포시 이어도로 1048</소재지>
<위도>33.249632</위도>
<경도>126.4464808</경도>
<전화번호>064-739-4994</전화번호>
<업태>한식</업태>
<주된음식>흑돼지구이. 양념갈비</주된음식>
<행정동>대륜동</행정동>
<_재_지정사항>지정(신규)</_재_지정사항>
<데이터기준일자>2018-11-01</데이터기준일자>
</Row>
<Row>
<업소명>은빌레식당</업소명>
<소재지>제주특별자치도 서귀포시 남원읍 한신로 247-3</소재지>
<위도>33.3117075</위도>
<경도>126.7168645</경도>
<전화번호>064-794-3901</전화번호>
<업태>한식</업태>
<주된음식>정식</주된음식>
<행정동>남원읍</행정동>
<_재_지정사항>지정(신규)</_재_지정사항>
<데이터기준일자>2018-11-01</데이터기준일자>
</Row>
<Row>
<업소명>나그네쉼터어시장수산식당</업소명>
<소재지>제주특별자치도 서귀포시 남원읍 태위로 48</소재지>
<위도>33.2729546</위도>
<경도>126.6530154</경도>
<전화번호>064-764-1821</전화번호>
<업태>일식</업태>
<주된음식>활어회</주된음식>
<행정동>남원읍</행정동>
<_재_지정사항>지정(신규)</_재_지정사항>
<데이터기준일자>2018-11-01</데이터기준일자>
</Row>
</root>
