<?xml version="1.0" encoding="UTF-8"?>
<root>
<header>
<header>업소명</header>
<header>주소</header>
<header>전화번호</header>
<header>비고</header>
<header>위도</header>
<header>경도</header>
<header>데이터기준일자</header>
</header>
<Row>
<업소명>삼무뚝배기</업소명>
<주소>제주특별자치도 서귀포시 서귀동31-12번지</주소>
<전화번호>064-762-9096</전화번호>
<비고>구이· 조림· 뚝배기</비고>
<위도>33.2427217</위도>
<경도>126.5673477</경도>
<데이터기준일자>2019-08-01</데이터기준일자>
</Row>
<Row>
<업소명>동해미락</업소명>
<주소>제주특별자치도 서귀포시 칠십리로 133</주소>
<전화번호>064-733-5921</전화번호>
<비고>생선회· 구이· 조림</비고>
<위도>33.2436722</위도>
<경도>126.5683032</경도>
<데이터기준일자>2019-08-01</데이터기준일자>
</Row>
<Row>
<업소명>어판장</업소명>
<주소>제주특별자치도 서귀포시 서귀동668-3번지</주소>
<전화번호>064-763-1189</전화번호>
<비고>생선회· 구이· 조림</비고>
<위도>33.2402587</위도>
<경도>126.5621337</경도>
<데이터기준일자>2019-08-01</데이터기준일자>
</Row>
<Row>
<업소명>영빈횟집</업소명>
<주소>제주특별자치도 서귀포시 서귀동 68-6</주소>
<전화번호>064-732-3488</전화번호>
<비고>생선회· 구이· 조림</비고>
<위도>33.2432869</위도>
<경도>126.5679629</경도>
<데이터기준일자>2019-08-01</데이터기준일자>
</Row>
<Row>
<업소명>해궁맛집</업소명>
<주소>제주특별자치도 서귀포시 서귀동23-4번지</주소>
<전화번호>064-732-5577</전화번호>
<비고>생선회· 구이· 조림· 뚝배기</비고>
<위도>33.2423734</위도>
<경도>126.566774</경도>
<데이터기준일자>2019-08-01</데이터기준일자>
</Row>
<Row>
<업소명>제주해풍</업소명>
<주소>제주특별자치도 서귀포시 칠십리로 41</주소>
<전화번호>064-763-1008</전화번호>
<비고>생선회</비고>
<위도>33.2410335</위도>
<경도>126.5617669</경도>
<데이터기준일자>2019-08-01</데이터기준일자>
</Row>
<Row>
<업소명>제주올레</업소명>
<주소>제주특별자치도 서귀포시 서귀동667-10번지</주소>
<전화번호>064-767-4422</전화번호>
<비고>생선회· 구이· 조림</비고>
<위도>33.2408321</위도>
<경도>126.5618207</경도>
<데이터기준일자>2019-08-01</데이터기준일자>
</Row>
<Row>
<업소명>맷돌뚝배기</업소명>
<주소>제주특별자치도 서귀포시 서귀동 70</주소>
<전화번호>064-762-3368</전화번호>
<비고>구이· 조림· 뚝배기</비고>
<위도>33.2442936</위도>
<경도>126.5691064</경도>
<데이터기준일자>2019-08-01</데이터기준일자>
</Row>
<Row>
<업소명>정낭식당</업소명>
<주소>제주특별자치도 서귀포시 칠십리로 145</주소>
<전화번호>064-732-7590</전화번호>
<비고>구이· 조림· 뚝배기</비고>
<위도>33.2442936</위도>
<경도>126.5691064</경도>
<데이터기준일자>2019-08-01</데이터기준일자>
</Row>
<Row>
<업소명>연송갈치</업소명>
<주소>제주특별자치도 서귀포시 서귀동 70-1</주소>
<전화번호>064-732-8828</전화번호>
<비고>생선회· 구이· 조림</비고>
<위도>33.2434655</위도>
<경도>126.5691446</경도>
<데이터기준일자>2019-08-01</데이터기준일자>
</Row>
<Row>
<업소명>서귀포괸당네갈치요리집</업소명>
<주소>제주특별자치도 서귀포시 서귀동 70. 102호</주소>
<전화번호>064-732-3757</전화번호>
<비고>구이· 조림· 뚝배기</비고>
<위도>33.2442936</위도>
<경도>126.5691064</경도>
<데이터기준일자>2019-08-01</데이터기준일자>
</Row>
<Row>
<업소명>반딧불식당</업소명>
<주소>제주특별자치도 서귀포시 서귀동 70</주소>
<전화번호>064-733-3677</전화번호>
<비고>생선회· 구이· 조림</비고>
<위도>33.2442936</위도>
<경도>126.5691064</경도>
<데이터기준일자>2019-08-01</데이터기준일자>
</Row>
<Row>
<업소명>새만부정</업소명>
<주소>제주특별자치도 서귀포시 서귀동 72</주소>
<전화번호>064-733-7750</전화번호>
<비고>복요리</비고>
<위도>33.2437362</위도>
<경도>126.5684642</경도>
<데이터기준일자>2019-08-01</데이터기준일자>
</Row>
<Row>
<업소명>송화촌</업소명>
<주소>제주특별자치도 서귀포시 칠십리로 123</주소>
<전화번호>064-733-7102</전화번호>
<비고>구이· 조림· 뚝배기· 흑돼지</비고>
<위도>33.2431104</위도>
<경도>126.5675903</경도>
<데이터기준일자>2019-08-01</데이터기준일자>
</Row>
<Row>
<업소명>자구리국수</업소명>
<주소>제주특별자치도 서귀포시 서귀동30-1</주소>
<전화번호>064-762-6168</전화번호>
<비고>국수</비고>
<위도>33.2430913</위도>
<경도>126.5671904</경도>
<데이터기준일자>2019-08-01</데이터기준일자>
</Row>
<Row>
<업소명>보물섬식당</업소명>
<주소>제주특별자치도 서귀포시 서귀동7-1번지</주소>
<전화번호>064-732-0009</전화번호>
<비고>생선회· 구이· 조림</비고>
<위도>33.2417636</위도>
<경도>126.5664341</경도>
<데이터기준일자>2019-08-01</데이터기준일자>
</Row>
<Row>
<업소명>식도향</업소명>
<주소>제주특별자치도 서귀포시 칠십리로 99</주소>
<전화번호>064-762-6056</전화번호>
<비고>구이· 조림· 뚝배기</비고>
<위도>33.2412169</위도>
<경도>126.5659388</경도>
<데이터기준일자>2019-08-01</데이터기준일자>
</Row>
<Row>
<업소명>호림식당</업소명>
<주소>제주특별자치도 서귀포시 칠십리로 78</주소>
<전화번호>064-732-8184</전화번호>
<비고>구이· 조림· 뚝배기</비고>
<위도>33.2397054</위도>
<경도>126.5644152</경도>
<데이터기준일자>2019-08-01</데이터기준일자>
</Row>
<Row>
<업소명>창훈이네(식당)</업소명>
<주소>제주특별자치도 서귀포시 칠십리로 77</주소>
<전화번호>064-762-9595</전화번호>
<비고>구이· 조림· 뚝배기· 정식</비고>
<위도>33.239926</위도>
<경도>126.5644674</경도>
<데이터기준일자>2019-08-01</데이터기준일자>
</Row>
<Row>
<업소명>금호식당</업소명>
<주소>제주특별자치도 서귀포시 칠십리로 71</주소>
<전화번호>064-732-7573</전화번호>
<비고>구이· 조림· 뚝배기· 정식</비고>
<위도>33.2398331</위도>
<경도>126.5637619</경도>
<데이터기준일자>2019-08-01</데이터기준일자>
</Row>
<Row>
<업소명>선영횟집</업소명>
<주소>제주특별자치도 서귀포시 서귀동673번지</주소>
<전화번호>064-762-4666</전화번호>
<비고>생선회· 구이· 조림</비고>
<위도>33.2400105</위도>
<경도>126.5628083</경도>
<데이터기준일자>2019-08-01</데이터기준일자>
</Row>
<Row>
<업소명>양평해장국</업소명>
<주소>제주특별자치도 서귀포시 서귀동673번지</주소>
<전화번호>064-763-1400</전화번호>
<비고>구이· 조림· 뚝배기</비고>
<위도>33.2400105</위도>
<경도>126.5628083</경도>
<데이터기준일자>2019-08-01</데이터기준일자>
</Row>
<Row>
<업소명>부두회수산</업소명>
<주소>제주특별자치도 서귀포시 서귀동669-4번지</주소>
<전화번호>064-763-0018</전화번호>
<비고>생선회</비고>
<위도>33.2401855</위도>
<경도>126.5624257</경도>
<데이터기준일자>2019-08-01</데이터기준일자>
</Row>
<Row>
<업소명>제주할망뚝배기</업소명>
<주소>제주특별자치도 서귀포시 서귀동669-4번지</주소>
<전화번호>064-733-9934</전화번호>
<비고>구이· 조림· 뚝배기</비고>
<위도>33.2401855</위도>
<경도>126.5624257</경도>
<데이터기준일자>2019-08-01</데이터기준일자>
</Row>
<Row>
<업소명>촌수산횟집</업소명>
<주소>제주특별자치도 서귀포시 칠십리로 49</주소>
<전화번호>064-763-8800</전화번호>
<비고>생선회· 구이· 조림</비고>
<위도>33.2405568</위도>
<경도>126.5620999</경도>
<데이터기준일자>2019-08-01</데이터기준일자>
</Row>
<Row>
<업소명>나운터</업소명>
<주소>제주특별자치도 서귀포시 서귀동667-35</주소>
<전화번호>064-763-2237</전화번호>
<비고>생선회· 구이· 조림</비고>
<위도>33.2410036</위도>
<경도>126.5614423</경도>
<데이터기준일자>2019-08-01</데이터기준일자>
</Row>
<Row>
<업소명>항구음식점</업소명>
<주소>제주특별자치도 서귀포시 서귀동658-2번지</주소>
<전화번호>064-762-3565</전화번호>
<비고>생선회· 구이· 조림</비고>
<위도>33.2410734</위도>
<경도>126.5612384</경도>
<데이터기준일자>2019-08-01</데이터기준일자>
</Row>
<Row>
<업소명>서귀포회수산마트</업소명>
<주소>제주특별자치도 서귀포시 서귀동667-36번지</주소>
<전화번호>064-733-8280</전화번호>
<비고>생선회· 구이· 조림</비고>
<위도>33.241336</위도>
<경도>126.5612599</경도>
<데이터기준일자>2019-08-01</데이터기준일자>
</Row>
<Row>
<업소명>땡큐베리</업소명>
<주소>제주특별자치도 서귀포시 서귀동756-5</주소>
<전화번호>064-732-0932</전화번호>
<비고>음료</비고>
<위도>33.2411386</위도>
<경도>126.5658746</경도>
<데이터기준일자>2019-08-01</데이터기준일자>
</Row>
</root>
