<?xml version="1.0" encoding="UTF-8"?>
<root>
<header>
<header>업종명</header>
<header>업소명</header>
<header>소재지_도로명_</header>
<header>소재지_지번_</header>
<header>위도</header>
<header>경도</header>
<header>데이터기준일자</header>
</header>
<Row>
<업종명>제과점영업</업종명>
<업소명>오뚜기제과점</업소명>
<소재지_도로명_>제주특별자치도 서귀포시 남원읍 태위로 129</소재지_도로명_>
<소재지_지번_>제주특별자치도 서귀포시 남원읍 위미리 2850번지</소재지_지번_>
<위도>33.2750705</위도>
<경도>126.6612576</경도>
<데이터기준일자>2018-02-23</데이터기준일자>
</Row>
<Row>
<업종명>제과점영업</업종명>
<업소명>동문당</업소명>
<소재지_도로명_>제주특별자치도 서귀포시 중정로 103 (서귀동)</소재지_도로명_>
<소재지_지번_>제주특별자치도 서귀포시 서귀동 256번지 38호</소재지_지번_>
<위도>33.2487665</위도>
<경도>126.567381</경도>
<데이터기준일자>2018-02-23</데이터기준일자>
</Row>
<Row>
<업종명>제과점영업</업종명>
<업소명>정옥빵집</업소명>
<소재지_도로명_>제주특별자치도 서귀포시 중앙로48번길 18 (서귀동)</소재지_도로명_>
<소재지_지번_>제주특별자치도 서귀포시 서귀동 275번지 1호</소재지_지번_>
<위도>33.2491685</위도>
<경도>126.5635416</경도>
<데이터기준일자>2018-02-23</데이터기준일자>
</Row>
<Row>
<업종명>제과점영업</업종명>
<업소명>동명찐빵</업소명>
<소재지_도로명_>제주특별자치도 서귀포시 중앙로150번길 29-1 (동홍동)</소재지_도로명_>
<소재지_지번_>제주특별자치도 서귀포시 동홍동 1381번지 3호</소재지_지번_>
<위도>33.2600441</위도>
<경도>126.561786</경도>
<데이터기준일자>2018-02-23</데이터기준일자>
</Row>
<Row>
<업종명>제과점영업</업종명>
<업소명>서귀포칼호텔제과점</업소명>
<소재지_도로명_>제주특별자치도 서귀포시 칠십리로 242 (토평동)</소재지_도로명_>
<소재지_지번_>제주특별자치도 서귀포시 토평동 486번지 3호</소재지_지번_>
<위도>33.2460024</위도>
<경도>126.5810125</경도>
<데이터기준일자>2018-02-23</데이터기준일자>
</Row>
<Row>
<업종명>제과점영업</업종명>
<업소명>하얏트리젠시제주과자점</업소명>
<소재지_도로명_>제주특별자치도 서귀포시 중문관광로72번길 114 (색달동)</소재지_도로명_>
<소재지_지번_>제주특별자치도 서귀포시 색달동 3039번지 1호</소재지_지번_>
<위도>33.2455761</위도>
<경도>126.4055533</경도>
<데이터기준일자>2018-02-23</데이터기준일자>
</Row>
<Row>
<업종명>제과점영업</업종명>
<업소명>온누리</업소명>
<소재지_도로명_>제주특별자치도 서귀포시 대정읍 신영로 117-1</소재지_도로명_>
<소재지_지번_>제주특별자치도 서귀포시 대정읍 하모리 852번지 4호</소재지_지번_>
<위도>33.2224539</위도>
<경도>126.2543751</경도>
<데이터기준일자>2018-02-23</데이터기준일자>
</Row>
<Row>
<업종명>제과점영업</업종명>
<업소명>빙그레제과점</업소명>
<소재지_도로명_>제주특별자치도 서귀포시 대정읍 하모리 824번지</소재지_도로명_>
<소재지_지번_>제주특별자치도 서귀포시 대정읍 하모리 824번지</소재지_지번_>
<위도>33.2213484</위도>
<경도>126.2546813</경도>
<데이터기준일자>2018-02-23</데이터기준일자>
</Row>
<Row>
<업종명>제과점영업</업종명>
<업소명>신세계제과</업소명>
<소재지_도로명_>제주특별자치도 서귀포시 대정읍 하모상가로 51</소재지_도로명_>
<소재지_지번_>제주특별자치도 서귀포시 대정읍 하모리 849번지 21호</소재지_지번_>
<위도>33.2221335</위도>
<경도>126.2541541</경도>
<데이터기준일자>2018-02-23</데이터기준일자>
</Row>
<Row>
<업종명>제과점영업</업종명>
<업소명>패스트리부티크</업소명>
<소재지_도로명_>제주특별자치도 서귀포시 중문관광로72번길 75 (색달동)</소재지_도로명_>
<소재지_지번_>제주특별자치도 서귀포시 색달동 3039번지 3호</소재지_지번_>
<위도>33.2475582</위도>
<경도>126.4081161</경도>
<데이터기준일자>2018-02-23</데이터기준일자>
</Row>
<Row>
<업종명>제과점영업</업종명>
<업소명>한아름</업소명>
<소재지_도로명_>제주특별자치도 서귀포시 표선면 표선중앙로 80</소재지_도로명_>
<소재지_지번_>제주특별자치도 서귀포시 표선면 표선리 698번지 1호</소재지_지번_>
<위도>33.3262102</위도>
<경도>126.8325057</경도>
<데이터기준일자>2018-02-23</데이터기준일자>
</Row>
<Row>
<업종명>제과점영업</업종명>
<업소명>뉴궁전제과</업소명>
<소재지_도로명_>제주특별자치도 서귀포시 김정문화로 57 (서호동)</소재지_도로명_>
<소재지_지번_>제주특별자치도 서귀포시 서호동 1476번지 5호</소재지_지번_>
<위도>33.2511482</위도>
<경도>126.5109453</경도>
<데이터기준일자>2018-02-23</데이터기준일자>
</Row>
<Row>
<업종명>제과점영업</업종명>
<업소명>파리바게뜨 중문점</업소명>
<소재지_도로명_>제주특별자치도 서귀포시 천제연로 186 (중문동)</소재지_도로명_>
<소재지_지번_>제주특별자치도 서귀포시 중문동 2120번지 1호</소재지_지번_>
<위도>33.2515893</위도>
<경도>126.424481</경도>
<데이터기준일자>2018-02-23</데이터기준일자>
</Row>
<Row>
<업종명>제과점영업</업종명>
<업소명>파리바게뜨</업소명>
<소재지_도로명_>제주특별자치도 서귀포시 동홍로 4 1 2층 (서귀동)</소재지_도로명_>
<소재지_지번_>제주특별자치도 서귀포시 서귀동 251번지 16호 1 2층</소재지_지번_>
<위도>33.2489282</위도>
<경도>126.5681134</경도>
<데이터기준일자>2018-02-23</데이터기준일자>
</Row>
<Row>
<업종명>제과점영업</업종명>
<업소명>보룡제과</업소명>
<소재지_도로명_>제주특별자치도 서귀포시 성산읍 고성오조로 48-1</소재지_도로명_>
<소재지_지번_>제주특별자치도 서귀포시 성산읍 고성리 2747번지 28호</소재지_지번_>
<위도>33.448007</위도>
<경도>126.9152566</경도>
<데이터기준일자>2018-02-23</데이터기준일자>
</Row>
<Row>
<업종명>제과점영업</업종명>
<업소명>빵굽는집</업소명>
<소재지_도로명_>제주특별자치도 서귀포시 표선면 표선동서로 251</소재지_도로명_>
<소재지_지번_>제주특별자치도 서귀포시 표선면 표선리 602번지 2호</소재지_지번_>
<위도>33.3262981</위도>
<경도>126.8329309</경도>
<데이터기준일자>2018-02-23</데이터기준일자>
</Row>
<Row>
<업종명>제과점영업</업종명>
<업소명>한라베이커리</업소명>
<소재지_도로명_>제주특별자치도 서귀포시 중앙로 77 (서귀동)</소재지_도로명_>
<소재지_지번_>제주특별자치도 서귀포시 서귀동 297번지 14호</소재지_지번_>
<위도>33.2515834</위도>
<경도>126.5610812</경도>
<데이터기준일자>2018-02-23</데이터기준일자>
</Row>
<Row>
<업종명>제과점영업</업종명>
<업소명>쑥이네진빵</업소명>
<소재지_도로명_>제주특별자치도 서귀포시 성산읍 신산중앙로18번길 18-7</소재지_도로명_>
<소재지_지번_>제주특별자치도 서귀포시 성산읍 신산리 1097번지 2호</소재지_지번_>
<위도>33.3793187</위도>
<경도>126.8758328</경도>
<데이터기준일자>2018-02-23</데이터기준일자>
</Row>
<Row>
<업종명>제과점영업</업종명>
<업소명>케나라</업소명>
<소재지_도로명_>제주특별자치도 서귀포시 성산읍 고성오조로 70-2</소재지_도로명_>
<소재지_지번_>제주특별자치도 서귀포시 성산읍 고성리 313번지 1호</소재지_지번_>
<위도>33.4500206</위도>
<경도>126.9150766</경도>
<데이터기준일자>2018-02-23</데이터기준일자>
</Row>
<Row>
<업종명>제과점영업</업종명>
<업소명>제일성심당</업소명>
<소재지_도로명_>제주특별자치도 서귀포시 성산읍 고성오조로 47</소재지_도로명_>
<소재지_지번_>제주특별자치도 서귀포시 성산읍 고성리 322번지 8호</소재지_지번_>
<위도>33.447961</위도>
<경도>126.9149463</경도>
<데이터기준일자>2018-02-23</데이터기준일자>
</Row>
<Row>
<업종명>제과점영업</업종명>
<업소명>남양당</업소명>
<소재지_도로명_>제주특별자치도 서귀포시 효돈로 173-1 (하효동)</소재지_도로명_>
<소재지_지번_>제주특별자치도 서귀포시 하효동 132번지</소재지_지번_>
<위도>33.263813</위도>
<경도>126.6174354</경도>
<데이터기준일자>2018-02-23</데이터기준일자>
</Row>
<Row>
<업종명>제과점영업</업종명>
<업소명>갓구운베이커리</업소명>
<소재지_도로명_>제주특별자치도 서귀포시 표선면 표선중앙로90번길 13</소재지_도로명_>
<소재지_지번_>제주특별자치도 서귀포시 표선면 표선리 648번지 3호</소재지_지번_>
<위도>33.3244501</위도>
<경도>126.8331639</경도>
<데이터기준일자>2018-02-23</데이터기준일자>
</Row>
<Row>
<업종명>제과점영업</업종명>
<업소명>하나로빵집</업소명>
<소재지_도로명_>제주특별자치도 서귀포시 남원읍 남조로 52</소재지_도로명_>
<소재지_지번_>제주특별자치도 서귀포시 남원읍 남원리 226번지</소재지_지번_>
<위도>33.3190481</위도>
<경도>126.7087521</경도>
<데이터기준일자>2018-02-23</데이터기준일자>
</Row>
<Row>
<업종명>제과점영업</업종명>
<업소명>델리팜</업소명>
<소재지_도로명_>제주특별자치도 서귀포시 표선면 일주동로 6347-17</소재지_도로명_>
<소재지_지번_>제주특별자치도 서귀포시 표선면 토산리 17번지</소재지_지번_>
<위도>33.3056347</위도>
<경도>126.7921182</경도>
<데이터기준일자>2018-02-23</데이터기준일자>
</Row>
<Row>
<업종명>제과점영업</업종명>
<업소명>빵하우스</업소명>
<소재지_도로명_/>
<소재지_지번_>제주특별자치도 서귀포시 동홍동 645번지 3호</소재지_지번_>
<위도>33.2663197</위도>
<경도>126.5671727</경도>
<데이터기준일자>2018-02-23</데이터기준일자>
</Row>
<Row>
<업종명>제과점영업</업종명>
<업소명>하나로빵이벤트</업소명>
<소재지_도로명_>제주특별자치도 서귀포시 표선면 표선동서로 237-2</소재지_도로명_>
<소재지_지번_>제주특별자치도 서귀포시 표선면 표선리 689번지</소재지_지번_>
<위도>33.325318</위도>
<경도>126.8320654</경도>
<데이터기준일자>2018-02-23</데이터기준일자>
</Row>
<Row>
<업종명>제과점영업</업종명>
<업소명>플러스제과점</업소명>
<소재지_도로명_>제주특별자치도 서귀포시 일주동로 8554 (동홍동)</소재지_도로명_>
<소재지_지번_>제주특별자치도 서귀포시 동홍동 498번지 5호</소재지_지번_>
<위도>33.2552151</위도>
<경도>126.5741555</경도>
<데이터기준일자>2018-02-23</데이터기준일자>
</Row>
<Row>
<업종명>제과점영업</업종명>
<업소명>몽블랑제서귀포점</업소명>
<소재지_도로명_>제주특별자치도 서귀포시 중앙로 180 (동홍동)</소재지_도로명_>
<소재지_지번_>제주특별자치도 서귀포시 동홍동 1558번지</소재지_지번_>
<위도>33.2604879</위도>
<경도>126.5600101</경도>
<데이터기준일자>2018-02-23</데이터기준일자>
</Row>
<Row>
<업종명>제과점영업</업종명>
<업소명>칠십리베이커리</업소명>
<소재지_도로명_>제주특별자치도 서귀포시 중산간동로 8019 (동홍동)</소재지_도로명_>
<소재지_지번_>제주특별자치도 서귀포시 동홍동 1583번지 1호</소재지_지번_>
<위도>33.2640429</위도>
<경도>126.5603253</경도>
<데이터기준일자>2018-02-23</데이터기준일자>
</Row>
<Row>
<업종명>제과점영업</업종명>
<업소명>중문하나로베이커리</업소명>
<소재지_도로명_>제주특별자치도 서귀포시 천제연로 242 (중문동)</소재지_도로명_>
<소재지_지번_>제주특별자치도 서귀포시 중문동 1928번지</소재지_지번_>
<위도>33.2507993</위도>
<경도>126.430737</경도>
<데이터기준일자>2018-02-23</데이터기준일자>
</Row>
<Row>
<업종명>제과점영업</업종명>
<업소명>(주)신세계푸드이-베이커리서귀포점</업소명>
<소재지_도로명_>제주특별자치도 서귀포시 일주동로 9209 (법환동)</소재지_도로명_>
<소재지_지번_>제주특별자치도 서귀포시 법환동 841번지 2호</소재지_지번_>
<위도>33.2484335</위도>
<경도>126.5092187</경도>
<데이터기준일자>2018-02-23</데이터기준일자>
</Row>
<Row>
<업종명>제과점영업</업종명>
<업소명>효돈농협하나로베이커리</업소명>
<소재지_도로명_>제주특별자치도 서귀포시 하신상로 1 (하효동)</소재지_도로명_>
<소재지_지번_>제주특별자치도 서귀포시 하효동 639번지</소재지_지번_>
<위도>33.2609942</위도>
<경도>126.6172426</경도>
<데이터기준일자>2018-02-23</데이터기준일자>
</Row>
<Row>
<업종명>제과점영업</업종명>
<업소명>중앙베이커리</업소명>
<소재지_도로명_>제주특별자치도 서귀포시 대정읍 최남단해안로 13</소재지_도로명_>
<소재지_지번_>제주특별자치도 서귀포시 대정읍 하모리 2143번지 3호</소재지_지번_>
<위도>33.2195093</위도>
<경도>126.2525008</경도>
<데이터기준일자>2018-02-23</데이터기준일자>
</Row>
<Row>
<업종명>제과점영업</업종명>
<업소명>맛짱먹거리</업소명>
<소재지_도로명_>제주특별자치도 서귀포시 중정로73번길 1 (서귀동)</소재지_도로명_>
<소재지_지번_>제주특별자치도 서귀포시 서귀동 274번지 17호</소재지_지번_>
<위도>33.2483036</위도>
<경도>126.5640665</경도>
<데이터기준일자>2018-02-23</데이터기준일자>
</Row>
<Row>
<업종명>제과점영업</업종명>
<업소명>파리바게뜨 서귀포1호 광장점</업소명>
<소재지_도로명_>제주특별자치도 서귀포시 중앙로 91 (서귀동)</소재지_도로명_>
<소재지_지번_>제주특별자치도 서귀포시 서귀동 301번지 25호</소재지_지번_>
<위도>33.252717</위도>
<경도>126.5604842</경도>
<데이터기준일자>2018-02-23</데이터기준일자>
</Row>
<Row>
<업종명>제과점영업</업종명>
<업소명>제주국제컨벤선센터 베이커리</업소명>
<소재지_도로명_>제주특별자치도 서귀포시 중문관광로 224 (중문동)</소재지_도로명_>
<소재지_지번_>제주특별자치도 서귀포시 중문동 2700번지</소재지_지번_>
<위도>33.2413649</위도>
<경도>126.4245153</경도>
<데이터기준일자>2018-02-23</데이터기준일자>
</Row>
<Row>
<업종명>제과점영업</업종명>
<업소명>뚜레쥬르서귀포점</업소명>
<소재지_도로명_>제주특별자치도 서귀포시 중정로 56-1 (서귀동)</소재지_도로명_>
<소재지_지번_>제주특별자치도 서귀포시 서귀동 423번지 6호</소재지_지번_>
<위도>33.2475384</위도>
<경도>126.5625338</경도>
<데이터기준일자>2018-02-23</데이터기준일자>
</Row>
<Row>
<업종명>제과점영업</업종명>
<업소명>풍차베이커리</업소명>
<소재지_도로명_>제주특별자치도 서귀포시 안덕면 화순로 122</소재지_도로명_>
<소재지_지번_>제주특별자치도 서귀포시 안덕면 화순리 1089번지 1호</소재지_지번_>
<위도>33.2465809</위도>
<경도>126.333321</경도>
<데이터기준일자>2018-02-23</데이터기준일자>
</Row>
<Row>
<업종명>제과점영업</업종명>
<업소명>플러스마트2호점베이커리</업소명>
<소재지_도로명_>제주특별자치도 서귀포시 동홍중앙로 2 (동홍동)</소재지_도로명_>
<소재지_지번_>제주특별자치도 서귀포시 동홍동 175번지 1호</소재지_지번_>
<위도>33.2511667</위도>
<경도>126.5726439</경도>
<데이터기준일자>2018-02-23</데이터기준일자>
</Row>
<Row>
<업종명>제과점영업</업종명>
<업소명>파리바게뜨대정점</업소명>
<소재지_도로명_>제주특별자치도 서귀포시 대정읍 상모로 326</소재지_도로명_>
<소재지_지번_>제주특별자치도 서귀포시 대정읍 하모리 820번지 16호</소재지_지번_>
<위도>33.2223125</위도>
<경도>126.2547019</경도>
<데이터기준일자>2018-02-23</데이터기준일자>
</Row>
<Row>
<업종명>제과점영업</업종명>
<업소명>나드리빵집</업소명>
<소재지_도로명_>제주특별자치도 서귀포시 동홍중앙로 77 (동홍동)</소재지_도로명_>
<소재지_지번_>제주특별자치도 서귀포시 동홍동 93번지 2호</소재지_지번_>
<위도>33.2576277</위도>
<경도>126.5718713</경도>
<데이터기준일자>2018-02-23</데이터기준일자>
</Row>
<Row>
<업종명>제과점영업</업종명>
<업소명>옥이네 빵집</업소명>
<소재지_도로명_>제주특별자치도 서귀포시 남원읍 태위로 662</소재지_도로명_>
<소재지_지번_>제주특별자치도 서귀포시 남원읍 남원리 113번지 7호</소재지_지번_>
<위도>33.2785051</위도>
<경도>126.7176468</경도>
<데이터기준일자>2018-02-23</데이터기준일자>
</Row>
<Row>
<업종명>제과점영업</업종명>
<업소명>성산일출봉농업협동조합</업소명>
<소재지_도로명_>제주특별자치도 서귀포시 성산읍 일주동로 4282</소재지_도로명_>
<소재지_지번_>제주특별자치도 서귀포시 성산읍 고성리 1106번지 3호</소재지_지번_>
<위도>33.4143696</위도>
<경도>126.8999778</경도>
<데이터기준일자>2018-02-23</데이터기준일자>
</Row>
<Row>
<업종명>제과점영업</업종명>
<업소명>파리바게뜨제주표선점</업소명>
<소재지_도로명_>제주특별자치도 서귀포시 표선면 표선중앙로 89</소재지_도로명_>
<소재지_지번_>제주특별자치도 서귀포시 표선면 표선리 624번지 2호</소재지_지번_>
<위도>33.3258943</위도>
<경도>126.8336204</경도>
<데이터기준일자>2018-02-23</데이터기준일자>
</Row>
<Row>
<업종명>제과점영업</업종명>
<업소명>휘닉스제과</업소명>
<소재지_도로명_>제주특별자치도 서귀포시 성산읍 섭지코지로 107</소재지_도로명_>
<소재지_지번_>제주특별자치도 서귀포시 성산읍 고성리 127번지 2호</소재지_지번_>
<위도>33.4305782</위도>
<경도>126.9277688</경도>
<데이터기준일자>2018-02-23</데이터기준일자>
</Row>
<Row>
<업종명>제과점영업</업종명>
<업소명>민트베이커리</업소명>
<소재지_도로명_>제주특별자치도 서귀포시 성산읍 섭지코지로 107</소재지_도로명_>
<소재지_지번_>제주특별자치도 서귀포시 성산읍 고성리 127번지 2호 (휘닉스아일랜드 글라스 하우스 2층)</소재지_지번_>
<위도>33.4305782</위도>
<경도>126.9277688</경도>
<데이터기준일자>2018-02-23</데이터기준일자>
</Row>
<Row>
<업종명>제과점영업</업종명>
<업소명>섭지베이커리</업소명>
<소재지_도로명_>제주특별자치도 서귀포시 성산읍 섭지코지로 107</소재지_도로명_>
<소재지_지번_>제주특별자치도 서귀포시 성산읍 고성리 127번지 2호</소재지_지번_>
<위도>33.4305782</위도>
<경도>126.9277688</경도>
<데이터기준일자>2018-02-23</데이터기준일자>
</Row>
<Row>
<업종명>제과점영업</업종명>
<업소명>플러스제과점3호점</업소명>
<소재지_도로명_>제주특별자치도 서귀포시 명동로 14 (서귀동)</소재지_도로명_>
<소재지_지번_>제주특별자치도 서귀포시 서귀동 418번지 20호 (킹마트내)</소재지_지번_>
<위도>33.246956</위도>
<경도>126.5634715</경도>
<데이터기준일자>2018-02-23</데이터기준일자>
</Row>
<Row>
<업종명>제과점영업</업종명>
<업소명>르방블랑제베이커리앤카페</업소명>
<소재지_도로명_>제주특별자치도 서귀포시 중문관광로 154-17 (색달동)</소재지_도로명_>
<소재지_지번_>제주특별자치도 서귀포시 색달동 2950번지 5호</소재지_지번_>
<위도>33.2444327</위도>
<경도>126.4161942</경도>
<데이터기준일자>2018-02-23</데이터기준일자>
</Row>
<Row>
<업종명>제과점영업</업종명>
<업소명>황금륭스마일버거</업소명>
<소재지_도로명_>제주특별자치도 서귀포시 대정읍 칠전로 434</소재지_도로명_>
<소재지_지번_>제주특별자치도 서귀포시 대정읍 신도리 11번지 외1필지</소재지_지번_>
<위도>33.2866384</위도>
<경도>126.2229014</경도>
<데이터기준일자>2018-02-23</데이터기준일자>
</Row>
<Row>
<업종명>제과점영업</업종명>
<업소명>황금륭버거</업소명>
<소재지_도로명_>제주특별자치도 서귀포시 대정읍 칠전로 434</소재지_도로명_>
<소재지_지번_>제주특별자치도 서귀포시 대정읍 신도리 10번지</소재지_지번_>
<위도>33.2866384</위도>
<경도>126.2229014</경도>
<데이터기준일자>2018-02-23</데이터기준일자>
</Row>
<Row>
<업종명>제과점영업</업종명>
<업소명>몽블랑제서귀포점(행사매대)</업소명>
<소재지_도로명_>제주특별자치도 서귀포시 중앙로 180 (동홍동)</소재지_도로명_>
<소재지_지번_>제주특별자치도 서귀포시 동홍동 1558번지 2층 홈플러스내</소재지_지번_>
<위도>33.2604879</위도>
<경도>126.5600101</경도>
<데이터기준일자>2018-02-23</데이터기준일자>
</Row>
<Row>
<업종명>제과점영업</업종명>
<업소명>르방베이커리앤커피</업소명>
<소재지_도로명_>제주특별자치도 서귀포시 신서귀로 43 (법환동)</소재지_도로명_>
<소재지_지번_>제주특별자치도 서귀포시 법환동 735번지 5호 2층</소재지_지번_>
<위도>33.2529828</위도>
<경도>126.5110086</경도>
<데이터기준일자>2018-02-23</데이터기준일자>
</Row>
<Row>
<업종명>제과점영업</업종명>
<업소명>돌코롬</업소명>
<소재지_도로명_>제주특별자치도 서귀포시 동문로 14 (서귀동)</소재지_도로명_>
<소재지_지번_>제주특별자치도 서귀포시 서귀동 286번지 4호</소재지_지번_>
<위도>33.2516464</위도>
<경도>126.562634</경도>
<데이터기준일자>2018-02-23</데이터기준일자>
</Row>
<Row>
<업종명>제과점영업</업종명>
<업소명>플러스베이커리썬마트</업소명>
<소재지_도로명_>제주특별자치도 서귀포시 호근서호로 125 (호근동)</소재지_도로명_>
<소재지_지번_>제주특별자치도 서귀포시 호근동 1764번지 17호</소재지_지번_>
<위도>33.2571748</위도>
<경도>126.5276268</경도>
<데이터기준일자>2018-02-23</데이터기준일자>
</Row>
<Row>
<업종명>제과점영업</업종명>
<업소명>르방</업소명>
<소재지_도로명_>제주특별자치도 서귀포시 호근서호로 140 (호근동)</소재지_도로명_>
<소재지_지번_>제주특별자치도 서귀포시 호근동 1792번지 2호</소재지_지번_>
<위도>33.2570577</위도>
<경도>126.5278162</경도>
<데이터기준일자>2018-02-23</데이터기준일자>
</Row>
<Row>
<업종명>제과점영업</업종명>
<업소명>파리바게뜨제주남원점</업소명>
<소재지_도로명_>제주특별자치도 서귀포시 남원읍 태위로 672-1</소재지_도로명_>
<소재지_지번_>제주특별자치도 서귀포시 남원읍 남원리 106번지 2호</소재지_지번_>
<위도>33.2788483</위도>
<경도>126.7185714</경도>
<데이터기준일자>2018-02-23</데이터기준일자>
</Row>
<Row>
<업종명>제과점영업</업종명>
<업소명>뚜레쥬르 중문점</업소명>
<소재지_도로명_>제주특별자치도 서귀포시 천제연로 185 (중문동)</소재지_도로명_>
<소재지_지번_>제주특별자치도 서귀포시 중문동 2082번지</소재지_지번_>
<위도>33.2527346</위도>
<경도>126.4246704</경도>
<데이터기준일자>2018-02-23</데이터기준일자>
</Row>
<Row>
<업종명>제과점영업</업종명>
<업소명>채점석베이커리 신시가지점</업소명>
<소재지_도로명_>제주특별자치도 서귀포시 신서로32번길 12 (강정동)</소재지_도로명_>
<소재지_지번_>제주특별자치도 서귀포시 강정동 172번지 3호</소재지_지번_>
<위도>33.2535823</위도>
<경도>126.5058884</경도>
<데이터기준일자>2018-02-23</데이터기준일자>
</Row>
<Row>
<업종명>제과점영업</업종명>
<업소명>파리바게뜨서귀포월드컵점</업소명>
<소재지_도로명_>제주특별자치도 서귀포시 신서귀로 3 (법환동)</소재지_도로명_>
<소재지_지번_>제주특별자치도 서귀포시 법환동 748번지 1호</소재지_지번_>
<위도>33.2500049</위도>
<경도>126.5090601</경도>
<데이터기준일자>2018-02-23</데이터기준일자>
</Row>
<Row>
<업종명>제과점영업</업종명>
<업소명>제일성심담2호점</업소명>
<소재지_도로명_>제주특별자치도 서귀포시 성산읍 서성일로 1231</소재지_도로명_>
<소재지_지번_>제주특별자치도 서귀포시 성산읍 고성리 1063번지 3호</소재지_지번_>
<위도>33.4268965</위도>
<경도>126.8647243</경도>
<데이터기준일자>2018-02-23</데이터기준일자>
</Row>
<Row>
<업종명>제과점영업</업종명>
<업소명>제일성심담3호점</업소명>
<소재지_도로명_>제주특별자치도 서귀포시 성산읍 고성중앙로 89</소재지_도로명_>
<소재지_지번_>제주특별자치도 서귀포시 성산읍 고성리 1135번지 8호</소재지_지번_>
<위도>33.4500727</위도>
<경도>126.9116643</경도>
<데이터기준일자>2018-02-23</데이터기준일자>
</Row>
<Row>
<업종명>제과점영업</업종명>
<업소명>빵돌이와 빵순이</업소명>
<소재지_도로명_>제주특별자치도 서귀포시 남원읍 태위로 133</소재지_도로명_>
<소재지_지번_>제주특별자치도 서귀포시 남원읍 위미리 2855번지 2호</소재지_지번_>
<위도>33.2752458</위도>
<경도>126.6617079</경도>
<데이터기준일자>2018-02-23</데이터기준일자>
</Row>
<Row>
<업종명>제과점영업</업종명>
<업소명>마고</업소명>
<소재지_도로명_>제주특별자치도 서귀포시 표선면 민속해안로 537</소재지_도로명_>
<소재지_지번_>제주특별자치도 서귀포시 표선면 표선리 40번지 69호</소재지_지번_>
<위도>33.3234478</위도>
<경도>126.8447796</경도>
<데이터기준일자>2018-02-23</데이터기준일자>
</Row>
<Row>
<업종명>제과점영업</업종명>
<업소명>제주일출쑥빵보리빵</업소명>
<소재지_도로명_>제주특별자치도 서귀포시 성산읍 성산중앙로 30-3</소재지_도로명_>
<소재지_지번_>제주특별자치도 서귀포시 성산읍 성산리 176번지 2호</소재지_지번_>
<위도>33.4625433</위도>
<경도>126.9331617</경도>
<데이터기준일자>2018-02-23</데이터기준일자>
</Row>
<Row>
<업종명>제과점영업</업종명>
<업소명>꼬망</업소명>
<소재지_도로명_>제주특별자치도 서귀포시 동홍남로 71 (동홍동)</소재지_도로명_>
<소재지_지번_>제주특별자치도 서귀포시 동홍동 104번지 12호</소재지_지번_>
<위도>33.2570546</위도>
<경도>126.5760605</경도>
<데이터기준일자>2018-02-23</데이터기준일자>
</Row>
<Row>
<업종명>제과점영업</업종명>
<업소명>듀브레드</업소명>
<소재지_도로명_>제주특별자치도 서귀포시 홍중로 52 1층 (서홍동)</소재지_도로명_>
<소재지_지번_>제주특별자치도 서귀포시 서홍동 380번지 1호</소재지_지번_>
<위도>33.2572879</위도>
<경도>126.5572703</경도>
<데이터기준일자>2018-02-23</데이터기준일자>
</Row>
<Row>
<업종명>제과점영업</업종명>
<업소명>뷔쏭</업소명>
<소재지_도로명_>제주특별자치도 서귀포시 동홍중앙로66번길 36-11 (동홍동)</소재지_도로명_>
<소재지_지번_>제주특별자치도 서귀포시 동홍동 476번지 6호</소재지_지번_>
<위도>33.25544</위도>
<경도>126.5761554</경도>
<데이터기준일자>2018-02-23</데이터기준일자>
</Row>
<Row>
<업종명>제과점영업</업종명>
<업소명>해담베이커리</업소명>
<소재지_도로명_>제주특별자치도 서귀포시 이어도로 938 (법환동)</소재지_도로명_>
<소재지_지번_>제주특별자치도 서귀포시 법환동 355번지</소재지_지번_>
<위도>33.2385593</위도>
<경도>126.5144987</경도>
<데이터기준일자>2018-02-23</데이터기준일자>
</Row>
<Row>
<업종명>제과점영업</업종명>
<업소명>파리바게뜨성산일출봉점</업소명>
<소재지_도로명_>제주특별자치도 서귀포시 성산읍 일출로 270-1 2층</소재지_도로명_>
<소재지_지번_>제주특별자치도 서귀포시 성산읍 성산리 135번지 1호</소재지_지번_>
<위도>33.4619088</위도>
<경도>126.9345529</경도>
<데이터기준일자>2018-02-23</데이터기준일자>
</Row>
<Row>
<업종명>제과점영업</업종명>
<업소명>또또시</업소명>
<소재지_도로명_>제주특별자치도 서귀포시 쇠소깍로 151-8 1층 (하효동)</소재지_도로명_>
<소재지_지번_>제주특별자치도 서귀포시 하효동 999번지</소재지_지번_>
<위도>33.2505248</위도>
<경도>126.6209111</경도>
<데이터기준일자>2018-02-23</데이터기준일자>
</Row>
<Row>
<업종명>제과점영업</업종명>
<업소명>해성베이커리</업소명>
<소재지_도로명_>제주특별자치도 서귀포시 천제연로 131-8 (중문동)</소재지_도로명_>
<소재지_지번_>제주특별자치도 서귀포시 중문동 1489번지 1호</소재지_지번_>
<위도>33.2544217</위도>
<경도>126.4199736</경도>
<데이터기준일자>2018-02-23</데이터기준일자>
</Row>
<Row>
<업종명>제과점영업</업종명>
<업소명>파리바게트제주영어도시점</업소명>
<소재지_도로명_>제주특별자치도 서귀포시 대정읍 에듀시티로 44 1층</소재지_도로명_>
<소재지_지번_>제주특별자치도 서귀포시 대정읍 보성리 2372번지 4호</소재지_지번_>
<위도>33.291513</위도>
<경도>126.284129</경도>
<데이터기준일자>2018-02-23</데이터기준일자>
</Row>
<Row>
<업종명>제과점영업</업종명>
<업소명>빵가게</업소명>
<소재지_도로명_>제주특별자치도 서귀포시 대정읍 영어도시로 27-10</소재지_도로명_>
<소재지_지번_>제주특별자치도 서귀포시 대정읍 보성리 181번지 10호</소재지_지번_>
<위도>33.2798179</위도>
<경도>126.2737676</경도>
<데이터기준일자>2018-02-23</데이터기준일자>
</Row>
<Row>
<업종명>제과점영업</업종명>
<업소명>더심플</업소명>
<소재지_도로명_>제주특별자치도 서귀포시 서호남로32번길 10-6 1층 101호 (서호동)</소재지_도로명_>
<소재지_지번_>제주특별자치도 서귀포시 서호동 1551번지 10호</소재지_지번_>
<위도>33.2541205</위도>
<경도>126.560076</경도>
<데이터기준일자>2018-02-23</데이터기준일자>
</Row>
<Row>
<업종명>제과점영업</업종명>
<업소명>플란다슈</업소명>
<소재지_도로명_>제주특별자치도 서귀포시 중정로91번길 35 (서귀동)</소재지_도로명_>
<소재지_지번_>제주특별자치도 서귀포시 서귀동 278번지 6호</소재지_지번_>
<위도>33.2505278</위도>
<경도>126.5633605</경도>
<데이터기준일자>2018-02-23</데이터기준일자>
</Row>
<Row>
<업종명>제과점영업</업종명>
<업소명>블랑제리</업소명>
<소재지_도로명_>제주특별자치도 서귀포시 동홍중앙로52번길 2 1층 (동홍동)</소재지_도로명_>
<소재지_지번_>제주특별자치도 서귀포시 동홍동 499번지 5호</소재지_지번_>
<위도>33.2551275</위도>
<경도>126.5758772</경도>
<데이터기준일자>2018-02-23</데이터기준일자>
</Row>
<Row>
<업종명>제과점영업</업종명>
<업소명>스터닝베이커리</업소명>
<소재지_도로명_>제주특별자치도 서귀포시 성산읍 독자봉로51번길 56 1층</소재지_도로명_>
<소재지_지번_>제주특별자치도 서귀포시 성산읍 신산리 1052번지 3호</소재지_지번_>
<위도>33.3806039</위도>
<경도>126.8753735</경도>
<데이터기준일자>2018-02-23</데이터기준일자>
</Row>
<Row>
<업종명>제과점영업</업종명>
<업소명>델리카한스</업소명>
<소재지_도로명_>제주특별자치도 서귀포시 중문관광로72번길 35 1층 (색달동)</소재지_도로명_>
<소재지_지번_>제주특별자치도 서귀포시 색달동 2812번지 4호</소재지_지번_>
<위도>33.2485349</위도>
<경도>126.4103936</경도>
<데이터기준일자>2018-02-23</데이터기준일자>
</Row>
<Row>
<업종명>제과점영업</업종명>
<업소명>동공똘베이킹</업소명>
<소재지_도로명_>제주특별자치도 서귀포시 성산읍 섭지코지로 48 1층</소재지_도로명_>
<소재지_지번_>제주특별자치도 서귀포시 성산읍 고성리 209번지 2호</소재지_지번_>
<위도>33.4380663</위도>
<경도>126.9212263</경도>
<데이터기준일자>2018-02-23</데이터기준일자>
</Row>
<Row>
<업종명>제과점영업</업종명>
<업소명>다솜베이커리</업소명>
<소재지_도로명_>제주특별자치도 서귀포시 서호남로 92-16 상가동 102호 (서호동 LH2단지)</소재지_도로명_>
<소재지_지번_>제주특별자치도 서귀포시 서호동 1545번지</소재지_지번_>
<위도>33.2488443</위도>
<경도>126.5208077</경도>
<데이터기준일자>2018-02-23</데이터기준일자>
</Row>
<Row>
<업종명>제과점영업</업종명>
<업소명>뚜레쥬르제주모슬포점</업소명>
<소재지_도로명_>제주특별자치도 서귀포시 대정읍 일주서로 2641</소재지_도로명_>
<소재지_지번_>제주특별자치도 서귀포시 대정읍 하모리 1293번지</소재지_지번_>
<위도>33.2402708</위도>
<경도>126.2507128</경도>
<데이터기준일자>2018-02-23</데이터기준일자>
</Row>
<Row>
<업종명>제과점영업</업종명>
<업소명>시스터필드</업소명>
<소재지_도로명_>제주특별자치도 서귀포시 월드컵로 8 1층 (강정동)</소재지_도로명_>
<소재지_지번_>제주특별자치도 서귀포시 강정동 231번지 2호</소재지_지번_>
<위도>33.2489574</위도>
<경도>126.5073438</경도>
<데이터기준일자>2018-02-23</데이터기준일자>
</Row>
<Row>
<업종명>제과점영업</업종명>
<업소명>봉주르마담</업소명>
<소재지_도로명_>제주특별자치도 서귀포시 대청로 33 1층 (강정동)</소재지_도로명_>
<소재지_지번_>제주특별자치도 서귀포시 강정동 208번지 4호</소재지_지번_>
<위도>33.2541205</위도>
<경도>126.560076</경도>
<데이터기준일자>2018-02-23</데이터기준일자>
</Row>
<Row>
<업종명>제과점영업</업종명>
<업소명>로뎀베이커리</업소명>
<소재지_도로명_>제주특별자치도 서귀포시 남원읍 남원체육관로 342 상가101호 (남원LH아파트)</소재지_도로명_>
<소재지_지번_>제주특별자치도 서귀포시 남원읍 남원리 40번지 1호</소재지_지번_>
<위도>33.2784254</위도>
<경도>126.7000067</경도>
<데이터기준일자>2018-02-23</데이터기준일자>
</Row>
<Row>
<업종명>제과점영업</업종명>
<업소명>금미대만대왕카스테라</업소명>
<소재지_도로명_>제주특별자치도 서귀포시 중정로 56 1층 (서귀동)</소재지_도로명_>
<소재지_지번_>제주특별자치도 서귀포시 서귀동 424번지</소재지_지번_>
<위도>33.24753</위도>
<경도>126.5624288</경도>
<데이터기준일자>2018-02-23</데이터기준일자>
</Row>
<Row>
<업종명>제과점영업</업종명>
<업소명>파리바게뜨제주화순점</업소명>
<소재지_도로명_>제주특별자치도 서귀포시 안덕면 화순중앙로 29 1층</소재지_도로명_>
<소재지_지번_>제주특별자치도 서귀포시 안덕면 화순리 1291번지 8호</소재지_지번_>
<위도>33.2496646</위도>
<경도>126.3357732</경도>
<데이터기준일자>2018-02-23</데이터기준일자>
</Row>
<Row>
<업종명>제과점영업</업종명>
<업소명>디저트팩토리제주쇠소깍점</업소명>
<소재지_도로명_>제주특별자치도 서귀포시 효돈순환로 217-3 1층 (하효동)</소재지_도로명_>
<소재지_지번_>제주특별자치도 서귀포시 하효동 951번지 1호</소재지_지번_>
<위도>33.2565479</위도>
<경도>126.6215097</경도>
<데이터기준일자>2018-02-23</데이터기준일자>
</Row>
<Row>
<업종명>제과점영업</업종명>
<업소명>채점석베이커리 혁신도시점</업소명>
<소재지_도로명_>제주특별자치도 서귀포시 서호남로32번길 29 1층 (서호동)</소재지_도로명_>
<소재지_지번_>제주특별자치도 서귀포시 서호동 1554번지 4호</소재지_지번_>
<위도>33.2318981</위도>
<경도>126.2977226</경도>
<데이터기준일자>2018-02-23</데이터기준일자>
</Row>
<Row>
<업종명>제과점영업</업종명>
<업소명>제일성심당 성산항점</업소명>
<소재지_도로명_>제주특별자치도 서귀포시 성산읍 성산등용로 130-21 1층</소재지_도로명_>
<소재지_지번_>제주특별자치도 서귀포시 성산읍 성산리 347번지 9호</소재지_지번_>
<위도>33.4721117</위도>
<경도>126.9331983</경도>
<데이터기준일자>2018-02-23</데이터기준일자>
</Row>
<Row>
<업종명>제과점영업</업종명>
<업소명>브릭공장</업소명>
<소재지_도로명_>제주특별자치도 서귀포시 성산읍 성산등용로 130-21 1층</소재지_도로명_>
<소재지_지번_>제주특별자치도 서귀포시 성산읍 성산리 347번지 9호</소재지_지번_>
<위도>33.4721117</위도>
<경도>126.9331983</경도>
<데이터기준일자>2018-02-23</데이터기준일자>
</Row>
<Row>
<업종명>제과점영업</업종명>
<업소명>안덕농협사계지점베이커리</업소명>
<소재지_도로명_>제주특별자치도 서귀포시 안덕면 사계북로 5</소재지_도로명_>
<소재지_지번_>제주특별자치도 서귀포시 안덕면 사계리 3437번지</소재지_지번_>
<위도>33.2307269</위도>
<경도>126.2920597</경도>
<데이터기준일자>2018-02-23</데이터기준일자>
</Row>
<Row>
<업종명>제과점영업</업종명>
<업소명>게우지코지인갤러리</업소명>
<소재지_도로명_>제주특별자치도 서귀포시 보목포로 179 1층 (하효동)</소재지_도로명_>
<소재지_지번_>제주특별자치도 서귀포시 하효동 1371번지</소재지_지번_>
<위도>33.2421595</위도>
<경도>126.6100897</경도>
<데이터기준일자>2018-02-23</데이터기준일자>
</Row>
<Row>
<업종명>제과점영업</업종명>
<업소명>핀크스베이커리</업소명>
<소재지_도로명_>제주특별자치도 서귀포시 안덕면 산록남로762번길 79 지하1 지상1층</소재지_도로명_>
<소재지_지번_>제주특별자치도 서귀포시 안덕면 상천리 795번지</소재지_지번_>
<위도>33.3036005</위도>
<경도>126.39036</경도>
<데이터기준일자>2018-02-23</데이터기준일자>
</Row>
<Row>
<업종명>제과점영업</업종명>
<업소명>파리바게뜨서귀포시강정지구</업소명>
<소재지_도로명_>제주특별자치도 서귀포시 대청로 39 1층 101 102호 (강정동)</소재지_도로명_>
<소재지_지번_>제주특별자치도 서귀포시 강정동 208번지 7호  1층 101 102호</소재지_지번_>
<위도>33.2541205</위도>
<경도>126.560076</경도>
<데이터기준일자>2018-02-23</데이터기준일자>
</Row>
<Row>
<업종명>제과점영업</업종명>
<업소명>로타리과자점</업소명>
<소재지_도로명_>제주특별자치도 서귀포시 동문로 16 1층 (서귀동)</소재지_도로명_>
<소재지_지번_>제주특별자치도 서귀포시 서귀동 286번지 31호</소재지_지번_>
<위도>33.2516189</위도>
<경도>126.5628308</경도>
<데이터기준일자>2018-02-23</데이터기준일자>
</Row>
<Row>
<업종명>제과점영업</업종명>
<업소명>미스터브레들리(Mr.Breadley)</업소명>
<소재지_도로명_>제주특별자치도 서귀포시 성산읍 동류암로 20 C동 1층</소재지_도로명_>
<소재지_지번_>제주특별자치도 서귀포시 성산읍 고성리 297번지 1호</소재지_지번_>
<위도>33.448917</위도>
<경도>126.9175588</경도>
<데이터기준일자>2018-02-23</데이터기준일자>
</Row>
<Row>
<업종명>제과점영업</업종명>
<업소명>옵써빵집</업소명>
<소재지_도로명_>제주특별자치도 서귀포시 표선면 표선동서로 240 1층</소재지_도로명_>
<소재지_지번_>제주특별자치도 서귀포시 표선면 표선리 631번지 4호</소재지_지번_>
<위도>33.3251759</위도>
<경도>126.8325861</경도>
<데이터기준일자>2018-02-23</데이터기준일자>
</Row>
<Row>
<업종명>제과점영업</업종명>
<업소명>파리바게뜨신화월드점</업소명>
<소재지_도로명_>제주특별자치도 서귀포시 안덕면 신화역사로304번길 139 1층 (제주신화빌라스 일본테라스)</소재지_도로명_>
<소재지_지번_>제주특별자치도 서귀포시 안덕면 서광리 2518번지 제주신화빌라스 일본테라스 1층</소재지_지번_>
<위도>33.301546</위도>
<경도>126.317122</경도>
<데이터기준일자>2018-02-23</데이터기준일자>
</Row>
<Row>
<업종명>제과점영업</업종명>
<업소명>라이즈앤다인제과</업소명>
<소재지_도로명_>제주특별자치도 서귀포시 태평로 436 1층 (서귀동)</소재지_도로명_>
<소재지_지번_>제주특별자치도 서귀포시 서귀동 162번지 1호</소재지_지번_>
<위도>33.245396</위도>
<경도>126.5668909</경도>
<데이터기준일자>2018-02-23</데이터기준일자>
</Row>
<Row>
<업종명>제과점영업</업종명>
<업소명>가파도청보리빵</업소명>
<소재지_도로명_>제주특별자치도 서귀포시 법환로38번길 13 1층 (법환동)</소재지_도로명_>
<소재지_지번_>제주특별자치도 서귀포시 법환동 331번지</소재지_지번_>
<위도>33.2381265</위도>
<경도>126.5135941</경도>
<데이터기준일자>2018-02-23</데이터기준일자>
</Row>
<Row>
<업종명>제과점영업</업종명>
<업소명>위호텔델리</업소명>
<소재지_도로명_>제주특별자치도 서귀포시 1100로 453-95 (회수동)</소재지_도로명_>
<소재지_지번_>제주특별자치도 서귀포시 회수동 30번지</소재지_지번_>
<위도>33.2862186</위도>
<경도>126.4442655</경도>
<데이터기준일자>2018-02-23</데이터기준일자>
</Row>
<Row>
<업종명>제과점영업</업종명>
<업소명>달달콤콤</업소명>
<소재지_도로명_>제주특별자치도 서귀포시 일주동로 8106 1층 (하효동)</소재지_도로명_>
<소재지_지번_>제주특별자치도 서귀포시 하효동 314번지 1층</소재지_지번_>
<위도>33.2622164</위도>
<경도>126.6206179</경도>
<데이터기준일자>2018-02-23</데이터기준일자>
</Row>
<Row>
<업종명>제과점영업</업종명>
<업소명>(주)쿱스토어제주동홍점</업소명>
<소재지_도로명_>제주특별자치도 서귀포시 동홍로 49-7 1층 (동홍동)</소재지_도로명_>
<소재지_지번_>제주특별자치도 서귀포시 동홍동 448번지 2호</소재지_지번_>
<위도>33.253352</위도>
<경도>126.5671399</경도>
<데이터기준일자>2018-02-23</데이터기준일자>
</Row>
<Row>
<업종명>제과점영업</업종명>
<업소명>세피베이글</업소명>
<소재지_도로명_>제주특별자치도 서귀포시 동홍중앙로 58-16 1층 (동홍동)</소재지_도로명_>
<소재지_지번_>제주특별자치도 서귀포시 동홍동 472번지 9호 1층</소재지_지번_>
<위도>33.2557864</위도>
<경도>126.5727888</경도>
<데이터기준일자>2018-02-23</데이터기준일자>
</Row>
<Row>
<업종명>제과점영업</업종명>
<업소명>다올베이커리</업소명>
<소재지_도로명_>제주특별자치도 서귀포시 태평로 554 (동홍동)</소재지_도로명_>
<소재지_지번_>제주특별자치도 서귀포시 동홍동 190번지 1호</소재지_지번_>
<위도>33.2528509</위도>
<경도>126.5762661</경도>
<데이터기준일자>2018-02-23</데이터기준일자>
</Row>
<Row>
<업종명>제과점영업</업종명>
<업소명>뚜레쥬르제주영어도시점</업소명>
<소재지_도로명_>제주특별자치도 서귀포시 대정읍 에듀시티로 102 1층 106~108호 (한신더휴상가)</소재지_도로명_>
<소재지_지번_>제주특별자치도 서귀포시 대정읍 보성리 2417번지</소재지_지번_>
<위도>33.286509</위도>
<경도>126.281098</경도>
<데이터기준일자>2018-02-23</데이터기준일자>
</Row>
<Row>
<업종명>제과점영업</업종명>
<업소명>랜딩델리(Landing Deli)</업소명>
<소재지_도로명_>제주특별자치도 서귀포시 안덕면 신화역사로304번길 38 지하1층</소재지_도로명_>
<소재지_지번_>제주특별자치도 서귀포시 안덕면 서광리 산 24번지  지하1층</소재지_지번_>
<위도>33.3052583</위도>
<경도>126.3149549</경도>
<데이터기준일자>2018-02-23</데이터기준일자>
</Row>
<Row>
<업종명>제과점영업</업종명>
<업소명>본본델리(Bon Bon Deli)</업소명>
<소재지_도로명_>제주특별자치도 서귀포시 안덕면 신화역사로304번길 38 1층</소재지_도로명_>
<소재지_지번_>제주특별자치도 서귀포시 안덕면 서광리 산 24번지  1층</소재지_지번_>
<위도>33.3052583</위도>
<경도>126.3149549</경도>
<데이터기준일자>2018-02-23</데이터기준일자>
</Row>
<Row>
<업종명>제과점영업</업종명>
<업소명>아델린</업소명>
<소재지_도로명_>제주특별자치도 서귀포시 안덕면 신화역사로304번길 38 호텔동 지하1층</소재지_도로명_>
<소재지_지번_>제주특별자치도 서귀포시 안덕면 서광리 산 24번지 지하1층 호텔동</소재지_지번_>
<위도>33.3052583</위도>
<경도>126.3149549</경도>
<데이터기준일자>2018-02-23</데이터기준일자>
</Row>
<Row>
<업종명>제과점영업</업종명>
<업소명>달콤해</업소명>
<소재지_도로명_>제주특별자치도 서귀포시 대정읍 상모로290번길 30 1층</소재지_도로명_>
<소재지_지번_>제주특별자치도 서귀포시 대정읍 상모리 3938번지 1층</소재지_지번_>
<위도>33.2238304</위도>
<경도>126.2555824</경도>
<데이터기준일자>2018-02-23</데이터기준일자>
</Row>
</root>
